{"type":"FeatureCollection","attribution":"© OpenStreetMap contributors (ODbL)","features":[{"type":"Feature","properties":{"code":"6201","name":"เมืองกำแพงเพชร"},"geometry":{"type":"MultiPolygon","coordinates":[[[[99.7717,16.3469],[99.75829,16.34625],[99.74961,16.34657],[99.74535,16.3453],[99.73042,16.3485],[99.72341,16.3479],[99.71381,16.34409],[99.69799,16.33266],[99.69274,16.32733],[99.68638,16.32315],[99.67976,16.32083],[99.6708,16.31497],[99.65268,16.30862],[99.63956,16.30164],[99.62532,16.298],[99.60932,16.29504],[99.6046,16.29547],[99.59332,16.2996],[99.5822,16.29961],[99.57302,16.29771],[99.57095,16.29658],[99.56684,16.29565],[99.56188,16.29086],[99.55746,16.29372],[99.55654,16.29217],[99.55406,16.29042],[99.55406,16.28863],[99.55269,16.28566],[99.5466,16.28645],[99.54475,16.2835],[99.54292,16.28323],[99.53893,16.28442],[99.5354,16.27742],[99.53168,16.26727],[99.52071,16.26522],[99.51266,16.26728],[99.50938,16.25962],[99.50574,16.25927],[99.49955,16.25606],[99.49591,16.25318],[99.49289,16.24824],[99.49004,16.24575],[99.49066,16.24065],[99.48905,16.23919],[99.48876,16.23704],[99.48759,16.23613],[99.48629,16.23309],[99.48565,16.22766],[99.47932,16.21409],[99.47837,16.20887],[99.47877,16.20746],[99.48058,16.20558],[99.47859,16.20406],[99.47802,16.20132],[99.48259,16.19681],[99.47735,16.19167],[99.4761,16.18725],[99.4766,16.18476],[99.47745,16.18398],[99.47769,16.18168],[99.47882,16.18071],[99.47979,16.18128],[99.48082,16.18043],[99.48035,16.17973],[99.4807,16.17906],[99.48168,16.17918],[99.48187,16.1783],[99.48369,16.17739],[99.48441,16.17809],[99.4853,16.17681],[99.48553,16.1731],[99.48717,16.17293],[99.48759,16.17218],[99.48702,16.17143],[99.48651,16.17171],[99.48635,16.17069],[99.48662,16.17],[99.48733,16.16999],[99.48731,16.16768],[99.48798,16.16718],[99.48755,16.16637],[99.48848,16.16619],[99.4883,16.16519],[99.48971,16.16389],[99.4891,16.1637],[99.48921,16.16303],[99.49068,16.16236],[99.49001,16.16209],[99.49049,16.16176],[99.49024,16.16057],[99.49106,16.16076],[99.49075,16.16027],[99.49133,16.15969],[99.48804,16.16042],[99.48694,16.16241],[99.48729,16.16319],[99.48603,16.16349],[99.48561,16.16449],[99.48244,16.16357],[99.48143,16.16463],[99.47897,16.1645],[99.47826,16.16385],[99.47593,16.16511],[99.47093,16.16577],[99.46437,16.16524],[99.45997,16.16189],[99.45823,16.15873],[99.45548,16.156],[99.45275,16.15184],[99.44994,16.15269],[99.44889,16.15406],[99.44735,16.15274],[99.44579,16.15382],[99.44334,16.15126],[99.44246,16.15215],[99.43987,16.14799],[99.43903,16.14798],[99.43484,16.15081],[99.43104,16.14927],[99.42916,16.14701],[99.4224,16.14635],[99.42379,16.14917],[99.42392,16.15085],[99.42547,16.15247],[99.42492,16.15443],[99.42574,16.15495],[99.4269,16.16129],[99.42524,16.16994],[99.4274,16.17276],[99.42548,16.17834],[99.42926,16.18108],[99.43088,16.18097],[99.43215,16.18184],[99.43481,16.18115],[99.43696,16.18381],[99.43918,16.18472],[99.43983,16.186],[99.44173,16.18646],[99.4404,16.18842],[99.43961,16.18789],[99.43977,16.18856],[99.43905,16.18918],[99.43559,16.18968],[99.43459,16.19049],[99.43468,16.19111],[99.43392,16.19102],[99.43343,16.19193],[99.42954,16.1937],[99.42815,16.19627],[99.42616,16.1968],[99.426,16.19765],[99.42324,16.19773],[99.42263,16.19842],[99.42276,16.19946],[99.42194,16.20037],[99.42321,16.20388],[99.42164,16.20492],[99.42151,16.20563],[99.42258,16.20824],[99.42237,16.20997],[99.4237,16.21212],[99.42507,16.21299],[99.4256,16.2159],[99.42901,16.22123],[99.4283,16.22215],[99.42859,16.22262],[99.42724,16.22341],[99.42738,16.22495],[99.42525,16.22581],[99.42202,16.22946],[99.42134,16.22882],[99.42017,16.22917],[99.41963,16.22819],[99.41859,16.22839],[99.41474,16.23244],[99.41378,16.23224],[99.41281,16.23302],[99.4118,16.23245],[99.40964,16.23298],[99.40841,16.23247],[99.40119,16.23461],[99.40118,16.23616],[99.40004,16.23565],[99.39809,16.23648],[99.39615,16.23551],[99.39544,16.23658],[99.39229,16.23664],[99.39136,16.23752],[99.38861,16.23566],[99.38624,16.23539],[99.37836,16.23639],[99.37481,16.23752],[99.37144,16.24147],[99.36672,16.24913],[99.36505,16.2498],[99.36236,16.24904],[99.3582,16.25044],[99.35942,16.25236],[99.35905,16.25285],[99.3601,16.25573],[99.35963,16.25644],[99.3602,16.25767],[99.35866,16.25899],[99.35884,16.26042],[99.35753,16.26115],[99.35724,16.2622],[99.35508,16.26331],[99.35239,16.26369],[99.34957,16.26569],[99.34809,16.26761],[99.35425,16.28422],[99.36536,16.29241],[99.36717,16.29232],[99.38215,16.28716],[99.38612,16.29022],[99.40613,16.32694],[99.41961,16.34935],[99.41897,16.35019],[99.41711,16.34942],[99.41549,16.35001],[99.41498,16.34874],[99.41242,16.34883],[99.41143,16.34739],[99.41018,16.34803],[99.40998,16.34654],[99.40758,16.34544],[99.40762,16.34804],[99.40688,16.34873],[99.40706,16.35433],[99.39942,16.35317],[99.39206,16.35059],[99.39033,16.35637],[99.38923,16.35546],[99.38749,16.3604],[99.38099,16.36054],[99.38117,16.36291],[99.37074,16.3637],[99.3708,16.36862],[99.36881,16.36767],[99.36756,16.36521],[99.36271,16.36422],[99.35918,16.36116],[99.35675,16.36607],[99.35259,16.3673],[99.35176,16.36822],[99.35248,16.36921],[99.35054,16.37031],[99.35151,16.3716],[99.3501,16.37278],[99.35134,16.37342],[99.35138,16.37547],[99.34336,16.37938],[99.34198,16.37889],[99.33971,16.37949],[99.33819,16.38135],[99.33701,16.38182],[99.33639,16.38304],[99.33856,16.38384],[99.3392,16.38462],[99.33887,16.38512],[99.33574,16.38579],[99.33303,16.38776],[99.32484,16.38989],[99.3245,16.39106],[99.32101,16.39089],[99.32032,16.39276],[99.3187,16.39183],[99.31872,16.39337],[99.31608,16.39504],[99.31418,16.39378],[99.31253,16.39467],[99.31057,16.39411],[99.31066,16.39587],[99.30933,16.39614],[99.30911,16.39758],[99.30796,16.39745],[99.30613,16.39904],[99.30439,16.39897],[99.30356,16.39976],[99.30468,16.40043],[99.3051,16.4017],[99.30359,16.40182],[99.30237,16.40454],[99.3041,16.40464],[99.30354,16.4061],[99.30584,16.4071],[99.30496,16.40824],[99.30549,16.40893],[99.30275,16.41203],[99.3035,16.41414],[99.30537,16.41562],[99.30443,16.41764],[99.30714,16.41909],[99.30679,16.42009],[99.30814,16.42066],[99.30731,16.42194],[99.30883,16.42332],[99.30777,16.42339],[99.3079,16.42397],[99.30674,16.4243],[99.30604,16.42535],[99.3051,16.42452],[99.30129,16.42542],[99.2996,16.42462],[99.29885,16.42561],[99.29796,16.42542],[99.2973,16.42643],[99.29751,16.42743],[99.29643,16.42818],[99.2968,16.42956],[99.29566,16.4308],[99.29689,16.43135],[99.29564,16.4337],[99.29553,16.43693],[99.2943,16.43709],[99.29385,16.43801],[99.29244,16.43853],[99.29312,16.44076],[99.29208,16.44007],[99.29215,16.44182],[99.29109,16.44192],[99.29074,16.44274],[99.29102,16.44391],[99.28693,16.44585],[99.28646,16.44757],[99.28534,16.44771],[99.28457,16.44898],[99.28354,16.44885],[99.28424,16.45073],[99.28203,16.4524],[99.28193,16.45333],[99.28085,16.45314],[99.27969,16.45415],[99.27953,16.45526],[99.27523,16.45485],[99.27396,16.45708],[99.27269,16.45702],[99.27224,16.45902],[99.27129,16.45846],[99.2688,16.45994],[99.26787,16.45886],[99.26746,16.46013],[99.26619,16.45969],[99.26601,16.46028],[99.26411,16.4598],[99.26455,16.45903],[99.26327,16.45841],[99.26301,16.45914],[99.26262,16.45878],[99.26228,16.45977],[99.26139,16.45989],[99.26164,16.46061],[99.26076,16.46038],[99.25973,16.46129],[99.26031,16.46143],[99.26097,16.46361],[99.26191,16.46358],[99.26182,16.4658],[99.25954,16.46742],[99.25568,16.46777],[99.2555,16.46847],[99.25738,16.46887],[99.25693,16.47001],[99.25574,16.46991],[99.25552,16.47139],[99.2527,16.47061],[99.25141,16.47147],[99.25066,16.47239],[99.25096,16.4749],[99.25013,16.4755],[99.25102,16.47655],[99.24832,16.47705],[99.24666,16.47877],[99.24608,16.47978],[99.24658,16.48033],[99.24587,16.48063],[99.24615,16.48147],[99.24522,16.48124],[99.24521,16.4822],[99.24296,16.48444],[99.243,16.48624],[99.24103,16.48565],[99.23872,16.4864],[99.23782,16.48468],[99.2367,16.48398],[99.23441,16.48555],[99.23142,16.4907],[99.23039,16.49069],[99.22946,16.49181],[99.22971,16.49288],[99.2291,16.49404],[99.22959,16.49494],[99.22879,16.49686],[99.22952,16.49756],[99.2365,16.49688],[99.23903,16.49437],[99.23868,16.49076],[99.24031,16.48919],[99.24265,16.4887],[99.24433,16.49045],[99.24456,16.49226],[99.2471,16.49345],[99.24674,16.49611],[99.24746,16.49647],[99.2476,16.49745],[99.24963,16.49799],[99.25082,16.49932],[99.25411,16.49918],[99.25726,16.50149],[99.26088,16.50265],[99.26355,16.50604],[99.26369,16.50498],[99.26462,16.50526],[99.26535,16.50476],[99.26725,16.50686],[99.26956,16.50664],[99.27075,16.50728],[99.27343,16.50698],[99.27371,16.5062],[99.27624,16.50496],[99.27744,16.50547],[99.27685,16.50443],[99.27759,16.50341],[99.27703,16.50244],[99.27807,16.50175],[99.27982,16.50198],[99.28038,16.50052],[99.28165,16.50125],[99.28182,16.49899],[99.28381,16.49795],[99.28662,16.50019],[99.28834,16.50051],[99.28864,16.50238],[99.29212,16.50288],[99.29294,16.50521],[99.29608,16.50504],[99.2964,16.50713],[99.29725,16.50759],[99.29627,16.50908],[99.29685,16.51096],[99.29592,16.51288],[99.29624,16.51417],[99.30292,16.51962],[99.30679,16.52523],[99.30955,16.52645],[99.31272,16.52628],[99.31379,16.52529],[99.31332,16.5239],[99.31451,16.52385],[99.31916,16.52875],[99.32513,16.52948],[99.32736,16.53334],[99.33006,16.53256],[99.33423,16.52974],[99.33791,16.53104],[99.34057,16.53117],[99.34181,16.53012],[99.34311,16.52689],[99.34707,16.52549],[99.34818,16.52386],[99.34985,16.52358],[99.3508,16.52254],[99.35178,16.52246],[99.353,16.52339],[99.35571,16.52304],[99.35712,16.52409],[99.35969,16.5239],[99.36253,16.52531],[99.36447,16.52488],[99.36557,16.52542],[99.36544,16.52478],[99.36641,16.52409],[99.36833,16.52409],[99.36989,16.52202],[99.37477,16.52071],[99.37492,16.52016],[99.3763,16.5198],[99.37764,16.52083],[99.37962,16.52034],[99.38092,16.52317],[99.38408,16.52266],[99.38909,16.53089],[99.39284,16.53953],[99.3961,16.53851],[99.40152,16.53847],[99.40246,16.53756],[99.40417,16.53718],[99.41191,16.54224],[99.44192,16.55488],[99.44794,16.55009],[99.45494,16.55626],[99.45552,16.55582],[99.45789,16.55724],[99.45964,16.55706],[99.46088,16.55798],[99.4641,16.55857],[99.46619,16.55992],[99.46798,16.55979],[99.46997,16.56164],[99.47248,16.56189],[99.47511,16.56391],[99.47559,16.56456],[99.46912,16.56835],[99.46126,16.57735],[99.4557,16.58258],[99.45298,16.58724],[99.45218,16.59332],[99.45089,16.59647],[99.44466,16.6031],[99.43823,16.61325],[99.43633,16.62301],[99.43337,16.62691],[99.42402,16.6346],[99.42075,16.6362],[99.40775,16.63993],[99.39889,16.6403],[99.39514,16.63932],[99.38565,16.63486],[99.38126,16.63361],[99.37409,16.63273],[99.36826,16.63332],[99.37359,16.64923],[99.37539,16.64962],[99.3766,16.65652],[99.37772,16.65902],[99.37708,16.66091],[99.3758,16.66134],[99.37698,16.66376],[99.37565,16.66568],[99.37711,16.66612],[99.37465,16.66941],[99.37452,16.67115],[99.3761,16.6737],[99.37518,16.67585],[99.37686,16.67673],[99.37858,16.68099],[99.381,16.68224],[99.38206,16.68415],[99.38343,16.68514],[99.38358,16.687],[99.3821,16.6911],[99.38604,16.69346],[99.38749,16.69176],[99.38905,16.69227],[99.39056,16.69187],[99.39189,16.69027],[99.39776,16.68963],[99.39956,16.68755],[99.3991,16.68549],[99.40521,16.68355],[99.4058,16.68247],[99.40441,16.68174],[99.40582,16.68084],[99.4073,16.68137],[99.40753,16.68206],[99.40865,16.68106],[99.40925,16.67981],[99.40875,16.67882],[99.40906,16.67721],[99.41053,16.6759],[99.41043,16.67513],[99.41127,16.67517],[99.41127,16.67427],[99.41189,16.67542],[99.41376,16.6751],[99.41352,16.67449],[99.41464,16.67314],[99.41433,16.67198],[99.41356,16.67196],[99.41208,16.67045],[99.41188,16.66787],[99.41055,16.66679],[99.41058,16.6661],[99.40931,16.66609],[99.40881,16.66675],[99.40798,16.66631],[99.40851,16.66526],[99.40797,16.66445],[99.40977,16.66289],[99.41022,16.66161],[99.40923,16.66113],[99.41063,16.65956],[99.41227,16.66051],[99.41377,16.65944],[99.41289,16.65816],[99.41401,16.65713],[99.41576,16.65657],[99.41667,16.65804],[99.417,16.65717],[99.41822,16.65747],[99.41829,16.65681],[99.41878,16.65726],[99.42008,16.65609],[99.42094,16.65656],[99.42132,16.65558],[99.42269,16.65538],[99.42329,16.65449],[99.42748,16.65547],[99.43608,16.65345],[99.44013,16.65377],[99.44528,16.65514],[99.45064,16.65443],[99.45354,16.65223],[99.4553,16.65178],[99.45813,16.64867],[99.46479,16.64913],[99.46604,16.64838],[99.47628,16.64959],[99.47865,16.64829],[99.48109,16.64782],[99.48361,16.64601],[99.48502,16.64701],[99.48935,16.64709],[99.49379,16.64834],[99.49514,16.64394],[99.50006,16.64344],[99.50302,16.64398],[99.5056,16.63971],[99.50649,16.63937],[99.50996,16.6401],[99.51079,16.63913],[99.514,16.63799],[99.51533,16.63701],[99.51608,16.63519],[99.51819,16.63416],[99.51861,16.63003],[99.51954,16.62756],[99.52031,16.62742],[99.52223,16.62511],[99.52355,16.61938],[99.52853,16.61592],[99.52915,16.61438],[99.52859,16.61335],[99.5293,16.61203],[99.52865,16.61071],[99.5301,16.60975],[99.5296,16.60922],[99.53162,16.60676],[99.53158,16.60539],[99.53285,16.60372],[99.53388,16.60334],[99.53476,16.60135],[99.53547,16.60123],[99.53517,16.60028],[99.53666,16.59933],[99.53628,16.59797],[99.53811,16.59708],[99.53968,16.59483],[99.53977,16.59253],[99.54138,16.59202],[99.54227,16.59084],[99.54296,16.59142],[99.54541,16.59011],[99.54698,16.59015],[99.54723,16.58945],[99.54804,16.59034],[99.54899,16.58977],[99.5501,16.59053],[99.55081,16.59025],[99.55109,16.59086],[99.55166,16.59024],[99.5524,16.59164],[99.55307,16.5913],[99.5534,16.59269],[99.55457,16.59243],[99.55492,16.59331],[99.55627,16.59233],[99.55626,16.59161],[99.55691,16.59174],[99.55661,16.59111],[99.55735,16.59065],[99.55803,16.59088],[99.55959,16.58999],[99.56028,16.59062],[99.56112,16.59026],[99.56105,16.59097],[99.56201,16.59034],[99.56273,16.59092],[99.56396,16.58928],[99.56367,16.58869],[99.56866,16.58454],[99.57155,16.5836],[99.58059,16.57702],[99.58693,16.5738],[99.59148,16.56995],[99.59891,16.562],[99.60846,16.55818],[99.62268,16.55059],[99.62769,16.5507],[99.63467,16.54776],[99.63553,16.5433],[99.63961,16.54058],[99.63978,16.53979],[99.64328,16.54202],[99.64461,16.54393],[99.652,16.54492],[99.65283,16.54702],[99.65624,16.54843],[99.66053,16.55149],[99.66495,16.55244],[99.66864,16.55469],[99.67551,16.55589],[99.67568,16.55687],[99.6845,16.55523],[99.68973,16.55054],[99.68762,16.54729],[99.68799,16.54512],[99.68443,16.5254],[99.68494,16.52509],[99.68682,16.52477],[99.68886,16.52565],[99.6936,16.52208],[99.69766,16.52261],[99.699,16.52115],[99.70284,16.5196],[99.70648,16.5204],[99.70757,16.52002],[99.70948,16.5215],[99.71238,16.52144],[99.71356,16.52222],[99.71534,16.52202],[99.71676,16.52076],[99.71958,16.52153],[99.72009,16.52321],[99.72331,16.52342],[99.7245,16.52449],[99.72711,16.52447],[99.73181,16.52758],[99.73347,16.52774],[99.73353,16.52853],[99.74089,16.52832],[99.74242,16.5304],[99.74382,16.531],[99.7455,16.53042],[99.74685,16.53079],[99.73818,16.4817],[99.73338,16.44652],[99.70376,16.45015],[99.70374,16.44636],[99.70312,16.44458],[99.7046,16.44237],[99.70602,16.44194],[99.70656,16.4359],[99.70441,16.42661],[99.7059,16.42587],[99.70599,16.41573],[99.70506,16.40735],[99.70633,16.40357],[99.70818,16.40144],[99.71639,16.40123],[99.72128,16.39914],[99.72614,16.39363],[99.73144,16.39068],[99.73697,16.38436],[99.73844,16.38342],[99.7417,16.38311],[99.74318,16.38229],[99.7476,16.37441],[99.75235,16.37021],[99.75436,16.36926],[99.75792,16.36914],[99.7621,16.36794],[99.76584,16.35783],[99.7717,16.3469]]]]}},{"type":"Feature","properties":{"code":"6202","name":"ไทรงาม"},"geometry":{"type":"MultiPolygon","coordinates":[[[[99.99541,16.35626],[99.99467,16.3545],[99.98671,16.34657],[99.98496,16.34548],[99.98167,16.34545],[99.9773,16.34701],[99.97299,16.34966],[99.96199,16.36203],[99.95927,16.36339],[99.95541,16.36341],[99.95139,16.36243],[99.94829,16.36051],[99.94021,16.35985],[99.91,16.36097],[99.8924,16.36038],[99.88846,16.36202],[99.88638,16.36218],[99.87753,16.36026],[99.86869,16.35921],[99.86623,16.35788],[99.84307,16.35617],[99.83676,16.3531],[99.83488,16.35345],[99.83117,16.35195],[99.83073,16.35283],[99.82734,16.35328],[99.8171,16.35062],[99.8076,16.3519],[99.7951,16.35472],[99.78852,16.35204],[99.78668,16.35031],[99.78446,16.34972],[99.78182,16.34791],[99.7717,16.3469],[99.76584,16.35783],[99.7621,16.36794],[99.75792,16.36914],[99.75436,16.36926],[99.75052,16.37148],[99.74708,16.37516],[99.74318,16.38229],[99.7417,16.38311],[99.73844,16.38342],[99.73697,16.38436],[99.73144,16.39068],[99.72614,16.39363],[99.72128,16.39914],[99.71639,16.40123],[99.70818,16.40144],[99.70633,16.40357],[99.70506,16.40735],[99.70599,16.41573],[99.7059,16.42587],[99.70441,16.42661],[99.70656,16.4359],[99.70602,16.44194],[99.7046,16.44237],[99.70312,16.44458],[99.70374,16.44636],[99.70376,16.45015],[99.73338,16.44652],[99.73818,16.4817],[99.74685,16.53079],[99.75079,16.53091],[99.75255,16.52937],[99.75496,16.52917],[99.75633,16.52648],[99.75784,16.52636],[99.7599,16.52723],[99.76069,16.52871],[99.7686,16.53063],[99.77068,16.53389],[99.76889,16.5342],[99.7681,16.53543],[99.76733,16.53786],[99.76646,16.53852],[99.76612,16.54212],[99.76652,16.54341],[99.76828,16.54395],[99.77011,16.54376],[99.77124,16.5425],[99.77354,16.54236],[99.77626,16.54328],[99.77756,16.54235],[99.77968,16.54285],[99.78066,16.54391],[99.78203,16.54248],[99.78746,16.54284],[99.78857,16.54242],[99.7898,16.54299],[99.79509,16.54091],[99.79758,16.54085],[99.79808,16.53998],[99.79942,16.54083],[99.80033,16.5397],[99.80621,16.53942],[99.80835,16.53865],[99.80832,16.53749],[99.80889,16.53719],[99.81969,16.536],[99.82059,16.53494],[99.82311,16.53509],[99.8232,16.53411],[99.82444,16.53438],[99.82482,16.53372],[99.82587,16.53498],[99.827,16.53482],[99.82792,16.53546],[99.82886,16.53521],[99.82877,16.53409],[99.83003,16.53484],[99.83133,16.53393],[99.83221,16.53436],[99.83387,16.53359],[99.83438,16.52888],[99.8362,16.52724],[99.83716,16.52517],[99.84241,16.52558],[99.84505,16.52691],[99.84799,16.53075],[99.84786,16.53196],[99.85013,16.53308],[99.85387,16.53249],[99.8545,16.53349],[99.85636,16.53203],[99.85731,16.53224],[99.85823,16.52986],[99.85936,16.52888],[99.86048,16.52873],[99.86088,16.52964],[99.86356,16.52872],[99.86534,16.52954],[99.86607,16.52928],[99.86675,16.53011],[99.86638,16.5307],[99.86708,16.53104],[99.86695,16.53203],[99.86874,16.53309],[99.87331,16.53353],[99.8757,16.53189],[99.87684,16.52896],[99.87879,16.53142],[99.88023,16.53149],[99.88006,16.53238],[99.88094,16.53188],[99.88098,16.53374],[99.88035,16.53359],[99.88016,16.53451],[99.88127,16.53492],[99.88125,16.53604],[99.88225,16.53587],[99.8824,16.53685],[99.88409,16.53729],[99.88458,16.53818],[99.88677,16.53854],[99.88768,16.53692],[99.89203,16.53806],[99.89248,16.53673],[99.89456,16.53542],[99.89541,16.53672],[99.89784,16.53624],[99.89909,16.53713],[99.90056,16.53657],[99.90136,16.53726],[99.90245,16.53615],[99.9035,16.53668],[99.90416,16.5363],[99.9073,16.53327],[99.90844,16.53465],[99.90917,16.53418],[99.90983,16.53502],[99.91201,16.53466],[99.91395,16.5289],[99.91469,16.52277],[99.91613,16.51822],[99.92004,16.51794],[99.92462,16.51867],[99.92473,16.51812],[99.92687,16.51815],[99.92733,16.5175],[99.93309,16.51755],[99.93373,16.51805],[99.93437,16.51666],[99.93626,16.51651],[99.93674,16.51809],[99.93972,16.51776],[99.94618,16.51838],[99.95294,16.52008],[99.9574,16.51951],[99.95761,16.51608],[99.95645,16.51528],[99.95612,16.5141],[99.9571,16.5136],[99.95903,16.50716],[99.9621,16.50709],[99.96613,16.5083],[99.96934,16.50712],[99.96885,16.50347],[99.96974,16.49791],[99.99477,16.49958],[99.99595,16.49691],[99.99892,16.49694],[99.99886,16.49988],[100.03466,16.50225],[100.03429,16.50065],[100.02157,16.48361],[100.01573,16.47774],[100.01014,16.47074],[100.00082,16.45341],[100.00003,16.45031],[100.00007,16.44632],[100.00317,16.43696],[100.00342,16.43319],[99.99969,16.4229],[99.99486,16.41651],[99.99528,16.4108],[99.99406,16.40312],[99.99154,16.39703],[99.98666,16.38937],[99.9837,16.38072],[99.98401,16.37733],[99.98649,16.37226],[99.99512,16.36321],[99.99541,16.35626]]]]}},{"type":"Feature","properties":{"code":"6203","name":"คลองลาน"},"geometry":{"type":"MultiPolygon","coordinates":[[[[99.4224,16.14635],[99.42106,16.14581],[99.42043,16.14415],[99.41758,16.14191],[99.41824,16.13798],[99.41811,16.13315],[99.42068,16.13002],[99.42675,16.126],[99.43332,16.12324],[99.43916,16.12269],[99.45124,16.12304],[99.45365,16.12217],[99.45471,16.11415],[99.45725,16.10695],[99.45647,16.10649],[99.4561,16.10488],[99.45499,16.10484],[99.45501,16.10275],[99.45389,16.10281],[99.45361,16.10135],[99.45104,16.10266],[99.44955,16.10155],[99.4476,16.10237],[99.44652,16.10058],[99.44559,16.10126],[99.44357,16.10073],[99.44288,16.09953],[99.44152,16.10043],[99.44108,16.09956],[99.44036,16.10009],[99.43889,16.09976],[99.43877,16.09861],[99.43764,16.09924],[99.43742,16.0983],[99.43813,16.09727],[99.43716,16.09773],[99.43593,16.09655],[99.43649,16.09582],[99.43544,16.0952],[99.43637,16.09475],[99.43483,16.0929],[99.43475,16.09197],[99.43176,16.09301],[99.4313,16.09206],[99.4302,16.09198],[99.43025,16.09076],[99.43103,16.09018],[99.43086,16.08954],[99.42981,16.08987],[99.42965,16.08854],[99.42851,16.08812],[99.42791,16.08938],[99.42684,16.08925],[99.42655,16.08803],[99.42756,16.08642],[99.42598,16.08639],[99.42624,16.08696],[99.42437,16.08925],[99.42474,16.0872],[99.42279,16.08824],[99.42317,16.08636],[99.42205,16.08529],[99.42036,16.08491],[99.42014,16.08385],[99.41812,16.08326],[99.41496,16.08465],[99.41376,16.08426],[99.41362,16.08296],[99.41194,16.08227],[99.41307,16.08094],[99.41233,16.07985],[99.41119,16.07969],[99.40991,16.08059],[99.40958,16.07957],[99.41011,16.07845],[99.40653,16.07653],[99.40812,16.0763],[99.40736,16.07457],[99.40357,16.07274],[99.40204,16.07319],[99.39937,16.07541],[99.3995,16.07243],[99.39744,16.07068],[99.39777,16.06836],[99.39608,16.06467],[99.39322,16.0646],[99.39266,16.06594],[99.39208,16.06547],[99.39148,16.06593],[99.39291,16.06746],[99.39205,16.06865],[99.39268,16.0694],[99.39256,16.07141],[99.39158,16.07218],[99.39189,16.07302],[99.39118,16.07299],[99.39015,16.07421],[99.3888,16.07424],[99.38856,16.07172],[99.38746,16.07114],[99.38703,16.06908],[99.38518,16.06934],[99.38368,16.06845],[99.38277,16.06917],[99.38132,16.06886],[99.38191,16.06636],[99.3815,16.0656],[99.37516,16.06597],[99.37369,16.06329],[99.37149,16.06298],[99.37043,16.06159],[99.37197,16.05994],[99.37144,16.05834],[99.36991,16.05814],[99.36899,16.05932],[99.36512,16.06043],[99.36171,16.05777],[99.36028,16.0577],[99.36031,16.05906],[99.35882,16.05951],[99.35818,16.05767],[99.35372,16.05788],[99.35204,16.05551],[99.35154,16.05645],[99.34912,16.05641],[99.34884,16.05721],[99.34938,16.05777],[99.34804,16.0593],[99.34766,16.06098],[99.34643,16.0616],[99.34595,16.06263],[99.34272,16.063],[99.34164,16.06265],[99.34105,16.06126],[99.33934,16.06142],[99.33783,16.06007],[99.33614,16.05989],[99.33471,16.06334],[99.3324,16.06486],[99.32926,16.06619],[99.32776,16.06286],[99.32718,16.0627],[99.32321,16.06731],[99.31992,16.06962],[99.31834,16.06349],[99.31335,16.06225],[99.31285,16.06016],[99.31184,16.05916],[99.31208,16.05732],[99.31445,16.05483],[99.31296,16.05325],[99.31285,16.05234],[99.3121,16.052],[99.3102,16.05263],[99.3088,16.05375],[99.30852,16.05537],[99.30677,16.05623],[99.30588,16.0547],[99.30487,16.05533],[99.30329,16.05466],[99.30277,16.05318],[99.30316,16.05146],[99.3021,16.04777],[99.29808,16.0454],[99.28975,16.04399],[99.28481,16.04415],[99.28093,16.04254],[99.27974,16.04142],[99.27787,16.04204],[99.27598,16.04373],[99.27363,16.04158],[99.27118,16.04062],[99.27108,16.03735],[99.26987,16.03577],[99.2651,16.03676],[99.26307,16.03658],[99.26107,16.03536],[99.25891,16.03557],[99.25726,16.03664],[99.25594,16.03441],[99.25284,16.03467],[99.25246,16.03368],[99.25344,16.03181],[99.25286,16.03054],[99.25167,16.03054],[99.25107,16.03176],[99.24878,16.03336],[99.24601,16.03234],[99.2461,16.03502],[99.24498,16.03583],[99.24532,16.03979],[99.24486,16.0413],[99.24096,16.03853],[99.2395,16.04179],[99.23855,16.04192],[99.23568,16.04023],[99.23225,16.0407],[99.2306,16.04252],[99.22946,16.04167],[99.22789,16.04175],[99.2262,16.04727],[99.22687,16.04963],[99.22664,16.05145],[99.22327,16.05431],[99.22293,16.05551],[99.21946,16.05881],[99.21937,16.05984],[99.21642,16.0588],[99.21609,16.0609],[99.21509,16.06176],[99.21583,16.06328],[99.21568,16.06449],[99.21291,16.06485],[99.21322,16.06669],[99.21001,16.06897],[99.20611,16.07295],[99.20572,16.07404],[99.20257,16.07572],[99.20228,16.07666],[99.20302,16.0776],[99.19914,16.07833],[99.19859,16.08089],[99.19722,16.08221],[99.19695,16.08345],[99.19351,16.08607],[99.1936,16.08758],[99.18961,16.08973],[99.18912,16.0888],[99.18655,16.09056],[99.18649,16.09138],[99.18517,16.09154],[99.1843,16.09522],[99.17639,16.10289],[99.17465,16.10363],[99.1737,16.10541],[99.17139,16.10691],[99.16995,16.10736],[99.16805,16.10687],[99.16712,16.10768],[99.16545,16.10746],[99.16315,16.10835],[99.15982,16.10437],[99.15462,16.10313],[99.14607,16.09599],[99.14522,16.09484],[99.14499,16.0925],[99.14211,16.09297],[99.14117,16.09407],[99.13839,16.09363],[99.13649,16.09408],[99.13482,16.09328],[99.13363,16.08994],[99.13248,16.08999],[99.13223,16.0893],[99.13074,16.08888],[99.12917,16.09071],[99.12824,16.09073],[99.12802,16.0915],[99.12651,16.09207],[99.12572,16.09346],[99.12341,16.09451],[99.12122,16.09368],[99.11808,16.09361],[99.11769,16.09211],[99.11464,16.08949],[99.10984,16.08823],[99.10804,16.08584],[99.107,16.08647],[99.10629,16.08768],[99.10645,16.0896],[99.10897,16.09258],[99.108,16.10035],[99.10657,16.10225],[99.10379,16.10325],[99.09436,16.1026],[99.09271,16.10475],[99.09212,16.1096],[99.09027,16.11141],[99.0896,16.11474],[99.08858,16.11523],[99.08589,16.11444],[99.08316,16.11468],[99.0823,16.11984],[99.08108,16.1206],[99.08149,16.12382],[99.08065,16.12484],[99.07494,16.12695],[99.06866,16.13231],[99.05953,16.13297],[99.05677,16.13428],[99.05328,16.13483],[99.05191,16.13543],[99.05013,16.13795],[99.05078,16.14207],[99.04922,16.14443],[99.04984,16.15157],[99.05135,16.15708],[99.05042,16.15959],[99.05083,16.16133],[99.05175,16.16231],[99.05539,16.16305],[99.0561,16.16481],[99.05828,16.16399],[99.06472,16.16562],[99.06674,16.1651],[99.06806,16.16549],[99.06796,16.17107],[99.06842,16.17299],[99.0699,16.17413],[99.0702,16.182],[99.07281,16.18571],[99.0734,16.18757],[99.0737,16.1968],[99.07647,16.19784],[99.07893,16.20137],[99.08036,16.20198],[99.08131,16.20937],[99.07932,16.2189],[99.07424,16.22201],[99.07288,16.22512],[99.07227,16.22945],[99.06914,16.23285],[99.06523,16.23567],[99.06399,16.24106],[99.05492,16.2469],[99.05539,16.24958],[99.05328,16.25496],[99.05226,16.25639],[99.0497,16.25756],[99.04856,16.26014],[99.0475,16.26754],[99.04775,16.27034],[99.04545,16.27632],[99.04547,16.27847],[99.0467,16.28244],[99.04476,16.28503],[99.04391,16.28873],[99.04224,16.29074],[99.04208,16.29213],[99.04431,16.29978],[99.04736,16.30129],[99.04922,16.30352],[99.05086,16.30425],[99.05159,16.30682],[99.05337,16.30903],[99.05082,16.31344],[99.05018,16.31605],[99.0503,16.31757],[99.05216,16.31994],[99.0531,16.32311],[99.05195,16.32368],[99.05108,16.33174],[99.0516,16.33393],[99.05105,16.33528],[99.04976,16.33509],[99.04723,16.33617],[99.04566,16.33816],[99.04337,16.3381],[99.04263,16.33893],[99.04146,16.34465],[99.04216,16.34841],[99.04481,16.35373],[99.04246,16.35527],[99.04178,16.35691],[99.04157,16.36069],[99.04303,16.36428],[99.04151,16.36566],[99.04181,16.36704],[99.04077,16.36884],[99.04188,16.3749],[99.03877,16.37825],[99.03677,16.38323],[99.0358,16.384],[99.03163,16.38504],[99.02414,16.38201],[99.02197,16.38216],[99.02041,16.3836],[99.01752,16.38487],[99.01639,16.38671],[99.0164,16.38778],[99.01824,16.38923],[99.01936,16.39245],[99.019,16.3956],[99.01984,16.39791],[99.02024,16.40288],[99.019,16.41058],[99.01922,16.41338],[99.02006,16.41507],[99.01983,16.41862],[99.02203,16.41941],[99.02433,16.4231],[99.02671,16.42328],[99.03077,16.42168],[99.03208,16.42297],[99.03498,16.42266],[99.03598,16.42218],[99.03728,16.41985],[99.04156,16.42011],[99.04355,16.41946],[99.04461,16.41861],[99.0457,16.41538],[99.04669,16.41463],[99.05117,16.41404],[99.05233,16.41038],[99.05403,16.40882],[99.05883,16.40918],[99.05986,16.40445],[99.06281,16.40605],[99.06523,16.40603],[99.06582,16.40526],[99.06546,16.40302],[99.06611,16.40166],[99.06916,16.39941],[99.07053,16.39626],[99.07248,16.39455],[99.07678,16.39422],[99.0813,16.39166],[99.09186,16.39271],[99.09346,16.39182],[99.09443,16.38959],[99.10138,16.38917],[99.10302,16.38988],[99.10298,16.39113],[99.10521,16.39312],[99.10875,16.39439],[99.10889,16.3965],[99.11014,16.39671],[99.10973,16.39889],[99.11018,16.39976],[99.11165,16.40086],[99.11193,16.40207],[99.11351,16.40301],[99.1124,16.40438],[99.11295,16.40696],[99.11478,16.40707],[99.11715,16.4094],[99.12078,16.41115],[99.12157,16.41368],[99.12444,16.41354],[99.12371,16.41695],[99.12452,16.4186],[99.12677,16.42034],[99.12483,16.4222],[99.12602,16.42382],[99.12666,16.42669],[99.12434,16.42509],[99.12281,16.4255],[99.12478,16.42959],[99.12369,16.42959],[99.122,16.42822],[99.12017,16.42949],[99.1211,16.42969],[99.12116,16.43034],[99.12018,16.43063],[99.11879,16.43001],[99.11794,16.43166],[99.11646,16.43028],[99.11555,16.43076],[99.11544,16.43195],[99.11644,16.43195],[99.11674,16.43271],[99.11739,16.43238],[99.11778,16.43354],[99.11584,16.43499],[99.11453,16.43434],[99.11372,16.43556],[99.11465,16.43714],[99.11285,16.4405],[99.11413,16.44343],[99.11559,16.44305],[99.11608,16.44375],[99.11721,16.4426],[99.11873,16.44388],[99.1206,16.4442],[99.12197,16.44376],[99.12268,16.4427],[99.12575,16.44229],[99.1282,16.44348],[99.13242,16.44361],[99.13688,16.44699],[99.14169,16.44729],[99.1437,16.44654],[99.14305,16.44988],[99.14651,16.452],[99.14822,16.45227],[99.15121,16.45145],[99.156,16.45387],[99.15981,16.4512],[99.15955,16.4498],[99.16187,16.44761],[99.16186,16.44601],[99.16335,16.44397],[99.16667,16.44459],[99.16752,16.44856],[99.17009,16.44895],[99.17199,16.44838],[99.17257,16.44677],[99.174,16.44625],[99.17394,16.44527],[99.17807,16.44277],[99.17821,16.44752],[99.1846,16.44964],[99.18502,16.4514],[99.1877,16.45226],[99.18739,16.45485],[99.19085,16.45562],[99.19292,16.45778],[99.19528,16.45729],[99.19569,16.45926],[99.19692,16.45908],[99.19929,16.46175],[99.20091,16.46184],[99.1997,16.46509],[99.20074,16.46599],[99.20217,16.4698],[99.20368,16.47009],[99.20433,16.47193],[99.2058,16.47338],[99.20685,16.47301],[99.20929,16.46964],[99.21133,16.46837],[99.21515,16.47329],[99.21642,16.47701],[99.21884,16.47947],[99.21983,16.47935],[99.22103,16.47799],[99.22289,16.48011],[99.22516,16.47834],[99.22632,16.47966],[99.229,16.47968],[99.23163,16.48212],[99.23629,16.48353],[99.23782,16.48468],[99.23872,16.4864],[99.24103,16.48565],[99.243,16.48624],[99.24296,16.48444],[99.24521,16.4822],[99.24522,16.48124],[99.24615,16.48147],[99.24587,16.48063],[99.24658,16.48033],[99.24608,16.47978],[99.24666,16.47877],[99.24832,16.47705],[99.25102,16.47655],[99.25013,16.4755],[99.25096,16.4749],[99.25066,16.47239],[99.25141,16.47147],[99.2527,16.47061],[99.25408,16.4714],[99.25561,16.47134],[99.25574,16.46991],[99.25693,16.47001],[99.25738,16.46887],[99.2555,16.46847],[99.25568,16.46777],[99.25954,16.46742],[99.26213,16.46539],[99.26189,16.46354],[99.26097,16.46361],[99.26103,16.46279],[99.25976,16.46122],[99.26076,16.46038],[99.26164,16.46061],[99.26139,16.45989],[99.26228,16.45977],[99.26319,16.45841],[99.26453,16.459],[99.26404,16.45972],[99.2649,16.46007],[99.26605,16.46028],[99.26622,16.45969],[99.26742,16.46015],[99.26797,16.45885],[99.26814,16.45976],[99.26892,16.45994],[99.27129,16.45846],[99.27243,16.45893],[99.27269,16.45702],[99.27396,16.45708],[99.27533,16.45479],[99.27963,16.45523],[99.27976,16.45405],[99.28098,16.45308],[99.28187,16.45338],[99.28203,16.4524],[99.28424,16.45073],[99.28354,16.44885],[99.28457,16.44898],[99.28534,16.44771],[99.28646,16.44757],[99.28693,16.44585],[99.29102,16.44391],[99.29074,16.44274],[99.29109,16.44192],[99.29215,16.44182],[99.29208,16.44007],[99.29312,16.44076],[99.29244,16.43853],[99.29385,16.43801],[99.2943,16.43709],[99.29553,16.43693],[99.29564,16.4337],[99.29689,16.43135],[99.29566,16.4308],[99.2968,16.42956],[99.29643,16.42818],[99.29751,16.42743],[99.2973,16.42643],[99.29796,16.42542],[99.29885,16.42561],[99.2996,16.42462],[99.30129,16.42542],[99.3051,16.42452],[99.30604,16.42535],[99.30674,16.4243],[99.3079,16.42397],[99.30777,16.42339],[99.30883,16.42332],[99.30731,16.42194],[99.30814,16.42066],[99.30679,16.42009],[99.30714,16.41909],[99.30443,16.41764],[99.30537,16.41562],[99.3035,16.41414],[99.30275,16.41203],[99.30549,16.40893],[99.30496,16.40824],[99.30584,16.4071],[99.30354,16.4061],[99.3041,16.40464],[99.30237,16.40454],[99.30359,16.40182],[99.3051,16.4017],[99.30468,16.40043],[99.30356,16.39976],[99.30439,16.39897],[99.30613,16.39904],[99.30796,16.39745],[99.30911,16.39758],[99.30933,16.39614],[99.31066,16.39587],[99.31057,16.39411],[99.31253,16.39467],[99.31418,16.39378],[99.31608,16.39504],[99.31872,16.39337],[99.3187,16.39183],[99.32032,16.39276],[99.32101,16.39089],[99.3245,16.39106],[99.32484,16.38989],[99.33303,16.38776],[99.33574,16.38579],[99.33887,16.38512],[99.3392,16.38462],[99.33856,16.38384],[99.33639,16.38304],[99.33701,16.38182],[99.33819,16.38135],[99.33971,16.37949],[99.34198,16.37889],[99.34336,16.37938],[99.35138,16.37547],[99.35134,16.37342],[99.3501,16.37278],[99.35151,16.3716],[99.35054,16.37031],[99.35248,16.36921],[99.35176,16.36822],[99.35259,16.3673],[99.35675,16.36607],[99.35918,16.36116],[99.36271,16.36422],[99.36756,16.36521],[99.36881,16.36767],[99.3708,16.36862],[99.37074,16.3637],[99.38117,16.36291],[99.38099,16.36054],[99.38749,16.3604],[99.38923,16.35546],[99.39033,16.35637],[99.39206,16.35059],[99.39942,16.35317],[99.40706,16.35433],[99.40688,16.34873],[99.40762,16.34804],[99.40758,16.34544],[99.40998,16.34654],[99.41018,16.34803],[99.41143,16.34739],[99.41242,16.34883],[99.41498,16.34874],[99.41549,16.35001],[99.41711,16.34942],[99.41897,16.35019],[99.41961,16.34935],[99.40613,16.32694],[99.38612,16.29022],[99.38215,16.28716],[99.36717,16.29232],[99.36536,16.29241],[99.35425,16.28422],[99.34809,16.26761],[99.34957,16.26569],[99.35239,16.26369],[99.35508,16.26331],[99.35724,16.2622],[99.35753,16.26115],[99.35884,16.26042],[99.35866,16.25899],[99.3602,16.25767],[99.35963,16.25644],[99.3601,16.25573],[99.35905,16.25285],[99.35942,16.25236],[99.3582,16.25044],[99.36236,16.24904],[99.36505,16.2498],[99.36672,16.24913],[99.37144,16.24147],[99.37481,16.23752],[99.37836,16.23639],[99.38624,16.23539],[99.38861,16.23566],[99.39136,16.23752],[99.39229,16.23664],[99.39544,16.23658],[99.39615,16.23551],[99.39809,16.23648],[99.40004,16.23565],[99.40118,16.23616],[99.40119,16.23461],[99.40841,16.23247],[99.40964,16.23298],[99.4118,16.23245],[99.41281,16.23302],[99.41378,16.23224],[99.41474,16.23244],[99.41859,16.22839],[99.41963,16.22819],[99.42017,16.22917],[99.42134,16.22882],[99.42202,16.22946],[99.42525,16.22581],[99.42738,16.22495],[99.42724,16.22341],[99.42859,16.22262],[99.4283,16.22215],[99.42901,16.22123],[99.4256,16.2159],[99.42507,16.21299],[99.4237,16.21212],[99.42237,16.20997],[99.42258,16.20824],[99.42151,16.20563],[99.42164,16.20492],[99.42321,16.20388],[99.42194,16.20037],[99.42276,16.19946],[99.42263,16.19842],[99.42324,16.19773],[99.426,16.19765],[99.42616,16.1968],[99.42815,16.19627],[99.42954,16.1937],[99.43343,16.19193],[99.43392,16.19102],[99.43468,16.19111],[99.43459,16.19049],[99.43559,16.18968],[99.43905,16.18918],[99.43977,16.18856],[99.43961,16.18789],[99.4404,16.18842],[99.44173,16.18646],[99.43983,16.186],[99.43918,16.18472],[99.43696,16.18381],[99.43481,16.18115],[99.43215,16.18184],[99.43088,16.18097],[99.42926,16.18108],[99.42548,16.17834],[99.4274,16.17276],[99.42524,16.16994],[99.4269,16.16129],[99.42574,16.15495],[99.42492,16.15443],[99.42547,16.15247],[99.42392,16.15085],[99.42379,16.14917],[99.4224,16.14635]]]]}},{"type":"Feature","properties":{"code":"6204","name":"ขาณุวรลักษบุรี"},"geometry":{"type":"MultiPolygon","coordinates":[[[[99.78843,16.12865],[99.79205,16.129],[99.79694,16.13078],[99.80208,16.13587],[99.80292,16.13896],[99.8046,16.13981],[99.80738,16.13961],[99.80948,16.13802],[99.81261,16.13704],[99.81981,16.13914],[99.82603,16.13912],[99.82762,16.13967],[99.83043,16.14191],[99.83564,16.14956],[99.84031,16.154],[99.84347,16.15522],[99.84895,16.15438],[99.85504,16.15503],[99.87239,16.16381],[99.87713,16.16861],[99.87723,16.16742],[99.87889,16.1653],[99.87652,16.16352],[99.87838,16.16069],[99.87492,16.15831],[99.87418,16.15648],[99.87072,16.15628],[99.87074,16.15386],[99.86841,16.15275],[99.86898,16.15146],[99.86369,16.14884],[99.86513,16.14334],[99.8664,16.14092],[99.86957,16.14222],[99.87192,16.13685],[99.87394,16.13463],[99.87472,16.13178],[99.88191,16.13032],[99.8836,16.12936],[99.88466,16.13062],[99.8859,16.13105],[99.88602,16.13002],[99.88826,16.13149],[99.88999,16.12822],[99.89157,16.12917],[99.89518,16.12791],[99.89687,16.1258],[99.90064,16.12509],[99.90593,16.13098],[99.90961,16.13235],[99.91375,16.1359],[99.91544,16.13419],[99.91419,16.13231],[99.91457,16.12945],[99.91691,16.12642],[99.91854,16.12621],[99.92533,16.12715],[99.93123,16.13024],[99.93849,16.13028],[99.94118,16.13113],[99.94332,16.12998],[99.9446,16.13105],[99.94689,16.13066],[99.94771,16.13148],[99.94924,16.13165],[99.95141,16.13316],[99.95154,16.13389],[99.95344,16.13317],[99.95778,16.13376],[99.95966,16.13322],[99.96031,16.13208],[99.96269,16.13137],[99.96457,16.13205],[99.96559,16.13323],[99.96713,16.13251],[99.96732,16.13122],[99.96874,16.13002],[99.97005,16.13014],[99.97057,16.12826],[99.97245,16.12631],[99.9742,16.1273],[99.97655,16.12739],[99.9795,16.12575],[99.97972,16.12169],[99.98433,16.11813],[99.97933,16.1156],[99.97964,16.1151],[99.97776,16.11362],[99.97844,16.11279],[99.97677,16.11156],[99.97289,16.11028],[99.9734,16.10869],[99.97152,16.10768],[99.9679,16.10225],[99.96525,16.10138],[99.96532,16.09958],[99.96332,16.09853],[99.96447,16.09685],[99.95817,16.09002],[99.95833,16.08633],[99.94809,16.07591],[99.94348,16.07276],[99.94087,16.07192],[99.94145,16.06903],[99.93753,16.06529],[99.93531,16.06134],[99.93349,16.06036],[99.93506,16.05603],[99.93145,16.05477],[99.93136,16.0529],[99.9293,16.05297],[99.92697,16.05153],[99.92445,16.05286],[99.92272,16.05282],[99.9203,16.05018],[99.91621,16.04879],[99.91606,16.04968],[99.91124,16.04901],[99.9102,16.05167],[99.90259,16.04777],[99.90444,16.04646],[99.90382,16.04493],[99.89916,16.04488],[99.89685,16.04427],[99.89706,16.0432],[99.89512,16.04309],[99.89555,16.04006],[99.89504,16.03945],[99.89143,16.03963],[99.89143,16.03857],[99.88864,16.03813],[99.8878,16.03951],[99.88553,16.03854],[99.88392,16.03964],[99.87367,16.03694],[99.87554,16.03414],[99.87203,16.03228],[99.87018,16.03168],[99.86805,16.03213],[99.86669,16.03147],[99.86628,16.03194],[99.85809,16.03028],[99.85781,16.02974],[99.85526,16.02934],[99.85554,16.02832],[99.85389,16.02728],[99.84752,16.02499],[99.84518,16.02348],[99.84501,16.01064],[99.84562,16.01055],[99.84569,16.00956],[99.84502,16.00932],[99.84508,16.00589],[99.84525,16.00303],[99.84734,15.99874],[99.84625,15.9975],[99.84716,15.99454],[99.84745,15.98183],[99.83381,15.96507],[99.82826,15.96287],[99.82821,15.9581],[99.82519,15.95055],[99.81875,15.94718],[99.8105,15.94442],[99.8072,15.9441],[99.80597,15.93375],[99.8047,15.93011],[99.80695,15.92386],[99.8055,15.92243],[99.80498,15.9206],[99.80177,15.92166],[99.79929,15.92046],[99.79536,15.92163],[99.7923,15.92283],[99.78823,15.9271],[99.78587,15.92741],[99.78254,15.92481],[99.78219,15.9253],[99.77863,15.92424],[99.7759,15.92425],[99.77581,15.92364],[99.76918,15.92185],[99.76799,15.91598],[99.76936,15.91405],[99.77067,15.90963],[99.77355,15.90489],[99.77353,15.90311],[99.76954,15.89703],[99.76813,15.89609],[99.76555,15.89598],[99.76354,15.89485],[99.75861,15.88894],[99.75694,15.88782],[99.75436,15.88386],[99.75101,15.8813],[99.74988,15.87828],[99.7475,15.87549],[99.74675,15.86643],[99.74581,15.86406],[99.74331,15.86164],[99.74401,15.8602],[99.74383,15.85834],[99.73974,15.85744],[99.73674,15.85857],[99.7359,15.86177],[99.73491,15.862],[99.73271,15.86539],[99.73124,15.86684],[99.73044,15.86672],[99.72758,15.87057],[99.72345,15.87306],[99.71243,15.87417],[99.708,15.87543],[99.70195,15.87524],[99.69782,15.87736],[99.68556,15.869],[99.68407,15.86671],[99.68291,15.86317],[99.67521,15.86134],[99.66361,15.85531],[99.66214,15.85901],[99.66243,15.85984],[99.65895,15.86113],[99.65918,15.86216],[99.65788,15.86215],[99.65847,15.86458],[99.66052,15.86719],[99.66176,15.87037],[99.66241,15.87354],[99.66172,15.87515],[99.65817,15.87893],[99.65739,15.8787],[99.65598,15.88029],[99.64739,15.88446],[99.64619,15.8859],[99.64542,15.88628],[99.64211,15.88423],[99.63778,15.88338],[99.63591,15.88542],[99.63379,15.88496],[99.63336,15.88351],[99.63219,15.88321],[99.6304,15.88108],[99.62905,15.87611],[99.62806,15.87832],[99.62651,15.87956],[99.62673,15.88129],[99.62523,15.88187],[99.62412,15.8873],[99.62239,15.88665],[99.62186,15.88781],[99.62039,15.88793],[99.61913,15.88884],[99.6195,15.88922],[99.61867,15.88961],[99.61892,15.89039],[99.61842,15.89016],[99.6177,15.89123],[99.61623,15.89146],[99.61659,15.89246],[99.61526,15.89217],[99.61272,15.89358],[99.61196,15.89262],[99.6116,15.89363],[99.60989,15.89398],[99.61034,15.89451],[99.60949,15.89523],[99.61021,15.89594],[99.60618,15.89864],[99.6052,15.8978],[99.60511,15.89869],[99.60417,15.89875],[99.60392,15.89806],[99.60242,15.89865],[99.59882,15.89758],[99.59734,15.90214],[99.59745,15.90358],[99.59424,15.90571],[99.59253,15.90641],[99.58829,15.90586],[99.58565,15.90676],[99.5812,15.90333],[99.57866,15.90421],[99.578,15.90552],[99.57726,15.90556],[99.57702,15.9045],[99.57632,15.90462],[99.57588,15.90597],[99.57537,15.90534],[99.57345,15.90586],[99.57267,15.90427],[99.57102,15.90576],[99.57058,15.90441],[99.56912,15.90593],[99.56462,15.9054],[99.56413,15.90666],[99.56222,15.90715],[99.55909,15.90612],[99.55765,15.90621],[99.55621,15.90721],[99.55523,15.90702],[99.55593,15.90874],[99.555,15.91111],[99.55343,15.91184],[99.55342,15.91482],[99.55418,15.91579],[99.54905,15.9165],[99.5498,15.91878],[99.54674,15.91895],[99.5463,15.92094],[99.54472,15.92069],[99.5437,15.92212],[99.54179,15.9223],[99.54132,15.92346],[99.53954,15.92372],[99.53845,15.92485],[99.53257,15.92451],[99.53176,15.92068],[99.5312,15.92034],[99.5263,15.92178],[99.52423,15.92342],[99.52377,15.92554],[99.51947,15.92388],[99.5175,15.92432],[99.51277,15.92338],[99.51045,15.92382],[99.50964,15.92554],[99.50809,15.9265],[99.50201,15.92836],[99.49311,15.92428],[99.48421,15.92217],[99.47917,15.92226],[99.47777,15.92101],[99.47775,15.91982],[99.48155,15.9107],[99.47991,15.9083],[99.47576,15.90623],[99.47696,15.90238],[99.46962,15.90193],[99.46631,15.90068],[99.46054,15.90538],[99.45878,15.90559],[99.45563,15.90417],[99.44927,15.9051],[99.44742,15.90242],[99.44491,15.9032],[99.43945,15.90645],[99.43651,15.9111],[99.4332,15.91005],[99.4327,15.90905],[99.4311,15.90945],[99.43012,15.91119],[99.42999,15.91492],[99.42876,15.91517],[99.4271,15.91707],[99.4269,15.91969],[99.42561,15.92032],[99.4246,15.92007],[99.42338,15.91759],[99.42158,15.91736],[99.42056,15.91467],[99.41778,15.91501],[99.41497,15.91048],[99.41283,15.91088],[99.41072,15.91016],[99.40843,15.91124],[99.40737,15.91053],[99.40543,15.91126],[99.40434,15.91057],[99.40172,15.91396],[99.39459,15.91461],[99.39175,15.91722],[99.39051,15.91626],[99.38274,15.91709],[99.37867,15.91665],[99.37683,15.9151],[99.37377,15.91536],[99.36951,15.91782],[99.36816,15.91925],[99.36414,15.92099],[99.36204,15.92302],[99.3604,15.92355],[99.35841,15.92591],[99.35177,15.92463],[99.3488,15.92276],[99.34937,15.92435],[99.35081,15.92549],[99.34982,15.92825],[99.3492,15.92922],[99.34536,15.93158],[99.34385,15.93529],[99.33892,15.93863],[99.33873,15.94131],[99.33579,15.94656],[99.33581,15.94882],[99.33332,15.95111],[99.33685,15.96133],[99.33907,15.96433],[99.34693,15.96785],[99.35486,15.96996],[99.35828,15.96912],[99.36199,15.96666],[99.36305,15.96761],[99.3659,15.96738],[99.36771,15.96959],[99.37126,15.9711],[99.37495,15.96965],[99.3797,15.97195],[99.38258,15.97234],[99.38734,15.97122],[99.39323,15.97359],[99.39743,15.97123],[99.39946,15.96821],[99.40151,15.96755],[99.40213,15.96621],[99.40488,15.96436],[99.40575,15.96213],[99.40743,15.96114],[99.41372,15.9661],[99.41808,15.96697],[99.42205,15.97194],[99.42343,15.97208],[99.42481,15.97391],[99.43146,15.97843],[99.42916,15.98417],[99.42874,15.98815],[99.42657,15.99029],[99.42603,15.99363],[99.42329,15.99525],[99.42168,15.99702],[99.4189,16.00369],[99.41621,16.00766],[99.41494,16.00825],[99.41365,16.01623],[99.41965,16.0162],[99.4267,16.01827],[99.42943,16.02082],[99.43042,16.02331],[99.42983,16.02355],[99.43004,16.02519],[99.4314,16.02765],[99.43338,16.02905],[99.43479,16.02919],[99.43489,16.0312],[99.44317,16.03716],[99.45267,16.03895],[99.4582,16.0413],[99.46043,16.04087],[99.48418,16.04312],[99.4931,16.04324],[99.49632,16.04392],[99.49724,16.04547],[99.50486,16.04477],[99.5067,16.04695],[99.50684,16.04977],[99.50595,16.05024],[99.50801,16.05311],[99.50766,16.05332],[99.51179,16.05408],[99.51391,16.0535],[99.51562,16.05442],[99.5155,16.05525],[99.51646,16.05455],[99.51771,16.05462],[99.51899,16.05562],[99.52006,16.05562],[99.52082,16.05493],[99.52131,16.05562],[99.52081,16.05615],[99.52154,16.05599],[99.5217,16.05662],[99.52296,16.057],[99.52262,16.05737],[99.52329,16.05848],[99.52244,16.05937],[99.52309,16.06097],[99.52371,16.06062],[99.52504,16.06245],[99.52553,16.06234],[99.5248,16.06339],[99.52567,16.06318],[99.5258,16.06461],[99.52627,16.0645],[99.52562,16.06583],[99.52656,16.06682],[99.52614,16.06899],[99.527,16.06878],[99.52818,16.07224],[99.52854,16.07181],[99.52926,16.07289],[99.53016,16.07299],[99.53016,16.07358],[99.53165,16.07371],[99.5319,16.07426],[99.53229,16.07363],[99.53401,16.07364],[99.53468,16.07465],[99.53553,16.07406],[99.536,16.07455],[99.53623,16.07552],[99.5356,16.07547],[99.5355,16.07622],[99.53633,16.07679],[99.53578,16.07745],[99.53657,16.07783],[99.53588,16.07832],[99.53669,16.07877],[99.53587,16.08026],[99.53715,16.07992],[99.53605,16.08136],[99.53656,16.08167],[99.53594,16.08222],[99.53652,16.08369],[99.53919,16.08322],[99.53946,16.08388],[99.54052,16.08411],[99.54071,16.08609],[99.54119,16.08565],[99.54109,16.08639],[99.54006,16.08675],[99.54015,16.08767],[99.54114,16.08777],[99.54066,16.08732],[99.5413,16.08701],[99.5418,16.08769],[99.54276,16.08734],[99.54776,16.08884],[99.54993,16.08992],[99.55335,16.09311],[99.55411,16.09414],[99.55275,16.09387],[99.55154,16.09442],[99.55187,16.09791],[99.55124,16.10047],[99.55487,16.1039],[99.56016,16.10244],[99.56062,16.10339],[99.56186,16.10335],[99.56301,16.10763],[99.57638,16.12354],[99.58124,16.12327],[99.58241,16.11922],[99.58455,16.1178],[99.58796,16.1174],[99.5891,16.11602],[99.58945,16.1167],[99.59078,16.11641],[99.59108,16.11779],[99.59218,16.11886],[99.5939,16.11873],[99.5946,16.11763],[99.59701,16.11679],[99.59832,16.11739],[99.5992,16.1171],[99.59929,16.11795],[99.59999,16.11787],[99.60081,16.11894],[99.6041,16.11974],[99.60445,16.119],[99.60639,16.11896],[99.6096,16.11743],[99.61274,16.11812],[99.61337,16.1188],[99.61554,16.11891],[99.61688,16.11977],[99.61935,16.1198],[99.62058,16.11898],[99.62439,16.12059],[99.62818,16.11954],[99.62848,16.1181],[99.62978,16.11867],[99.62978,16.11968],[99.63145,16.11943],[99.63169,16.12088],[99.63466,16.11856],[99.63655,16.11939],[99.63663,16.11999],[99.6379,16.11941],[99.63933,16.1206],[99.63999,16.12004],[99.64038,16.1207],[99.64216,16.12057],[99.64379,16.12251],[99.64497,16.12174],[99.64809,16.12383],[99.64857,16.1253],[99.64996,16.12524],[99.64994,16.12944],[99.65174,16.12848],[99.65175,16.12769],[99.65252,16.12848],[99.65293,16.12742],[99.65439,16.127],[99.65442,16.12611],[99.65521,16.12699],[99.6558,16.12619],[99.65764,16.12673],[99.65763,16.12592],[99.65884,16.12589],[99.66027,16.12402],[99.66301,16.1238],[99.66328,16.12469],[99.66458,16.12466],[99.66532,16.12376],[99.66646,16.12392],[99.66755,16.12205],[99.66836,16.12179],[99.66969,16.12256],[99.67036,16.12159],[99.67158,16.12334],[99.67275,16.12264],[99.67317,16.12323],[99.67404,16.12266],[99.67573,16.12322],[99.67689,16.12485],[99.67986,16.12663],[99.67987,16.12815],[99.67899,16.12844],[99.68036,16.12955],[99.68166,16.12931],[99.6831,16.13037],[99.68383,16.13244],[99.68655,16.13143],[99.68899,16.13155],[99.69515,16.13028],[99.70126,16.12453],[99.70904,16.12544],[99.71174,16.12499],[99.71547,16.13001],[99.72018,16.13212],[99.72027,16.13404],[99.72248,16.13212],[99.7232,16.13275],[99.72477,16.13105],[99.72624,16.13126],[99.72639,16.13177],[99.72674,16.13101],[99.72743,16.13116],[99.72722,16.13217],[99.72834,16.13194],[99.72901,16.13258],[99.72946,16.13204],[99.72989,16.13244],[99.73015,16.13194],[99.73274,16.13191],[99.73257,16.13146],[99.73389,16.13138],[99.73396,16.13071],[99.73483,16.13158],[99.73485,16.1307],[99.73561,16.13044],[99.7363,16.13113],[99.73735,16.13081],[99.7381,16.13185],[99.73847,16.13077],[99.73992,16.13285],[99.74325,16.13192],[99.74801,16.13203],[99.75229,16.13],[99.75584,16.12941],[99.75783,16.12987],[99.75776,16.13165],[99.75869,16.13245],[99.75986,16.13164],[99.76202,16.13136],[99.76412,16.13185],[99.76528,16.1336],[99.76907,16.13199],[99.77388,16.13176],[99.77563,16.13263],[99.77706,16.13531],[99.77903,16.13581],[99.78069,16.13741],[99.78181,16.13669],[99.78214,16.13756],[99.78332,16.13796],[99.78354,16.13648],[99.78688,16.13487],[99.78619,16.13341],[99.7863,16.13122],[99.78843,16.12865]]]]}},{"type":"Feature","properties":{"code":"6205","name":"คลองขลุง"},"geometry":{"type":"MultiPolygon","coordinates":[[[[99.51604,16.15079],[99.51417,16.15067],[99.51404,16.14991],[99.51259,16.14914],[99.51026,16.14948],[99.5103,16.14997],[99.50972,16.14975],[99.50995,16.15027],[99.50911,16.14997],[99.50886,16.1506],[99.50828,16.15049],[99.50776,16.15159],[99.50735,16.1506],[99.50599,16.15053],[99.50604,16.15118],[99.50549,16.15083],[99.50565,16.15149],[99.50424,16.15252],[99.50197,16.15186],[99.50129,16.15301],[99.50001,16.15277],[99.4996,16.15353],[99.49805,16.15232],[99.49706,16.15275],[99.49645,16.15436],[99.49559,16.15371],[99.4958,16.1543],[99.49508,16.15399],[99.49417,16.15618],[99.49259,16.15676],[99.49238,16.15845],[99.49098,16.15898],[99.49109,16.16071],[99.49028,16.1605],[99.49049,16.16176],[99.49001,16.16208],[99.49068,16.16236],[99.48921,16.16303],[99.4891,16.1637],[99.48971,16.16389],[99.4883,16.16519],[99.48848,16.16619],[99.48756,16.16633],[99.48798,16.16718],[99.48731,16.16768],[99.48733,16.16999],[99.48662,16.17],[99.48635,16.17069],[99.48651,16.17171],[99.48702,16.17143],[99.48759,16.17218],[99.48717,16.17293],[99.48553,16.1731],[99.4853,16.17681],[99.48441,16.17809],[99.48369,16.17739],[99.48187,16.1783],[99.48168,16.17918],[99.4807,16.17906],[99.48035,16.17973],[99.48082,16.18043],[99.47979,16.18128],[99.47882,16.18071],[99.47769,16.18168],[99.47745,16.18398],[99.47638,16.1856],[99.4761,16.18728],[99.47735,16.19167],[99.48259,16.19681],[99.47802,16.20132],[99.47859,16.20406],[99.48058,16.20558],[99.47837,16.20853],[99.47926,16.21395],[99.48458,16.22445],[99.48565,16.22766],[99.48629,16.23309],[99.48759,16.23613],[99.48876,16.23704],[99.48905,16.23919],[99.49066,16.24065],[99.49004,16.24575],[99.49289,16.24824],[99.49591,16.25318],[99.49955,16.25606],[99.50492,16.25891],[99.50938,16.25962],[99.51266,16.26728],[99.52071,16.26522],[99.53168,16.26727],[99.5354,16.27742],[99.53893,16.28442],[99.54292,16.28323],[99.54475,16.2835],[99.5466,16.28645],[99.55269,16.28566],[99.55406,16.28863],[99.55406,16.29042],[99.55654,16.29217],[99.55746,16.29372],[99.56188,16.29086],[99.56684,16.29565],[99.57095,16.29658],[99.57302,16.29771],[99.5835,16.29968],[99.59332,16.2996],[99.6046,16.29547],[99.61133,16.29513],[99.63956,16.30164],[99.65268,16.30862],[99.6708,16.31497],[99.67976,16.32083],[99.68638,16.32315],[99.69274,16.32733],[99.69799,16.33266],[99.71381,16.34409],[99.72341,16.3479],[99.73042,16.3485],[99.74535,16.3453],[99.74961,16.34657],[99.75829,16.34625],[99.7717,16.3469],[99.78212,16.33139],[99.78279,16.32948],[99.78249,16.32755],[99.77896,16.31801],[99.77556,16.31143],[99.77375,16.30947],[99.76465,16.3078],[99.76019,16.30328],[99.76256,16.29986],[99.76327,16.2948],[99.75826,16.28826],[99.76311,16.28267],[99.76545,16.28191],[99.76752,16.28303],[99.76889,16.28302],[99.77415,16.27809],[99.77905,16.27477],[99.783,16.27385],[99.78468,16.27538],[99.78735,16.27409],[99.78978,16.27499],[99.79521,16.27215],[99.79805,16.26959],[99.80069,16.26828],[99.80663,16.27054],[99.81683,16.26965],[99.8248,16.27025],[99.82694,16.27321],[99.82805,16.27351],[99.82894,16.27092],[99.83188,16.26965],[99.83256,16.26722],[99.8343,16.268],[99.83581,16.26705],[99.83774,16.26815],[99.83978,16.26825],[99.8407,16.26519],[99.8443,16.2639],[99.84749,16.26591],[99.85112,16.26399],[99.85371,16.26481],[99.85452,16.26571],[99.85704,16.26599],[99.8603,16.26168],[99.86021,16.2606],[99.86195,16.25813],[99.86343,16.25929],[99.86486,16.2586],[99.86706,16.25951],[99.86814,16.25848],[99.86891,16.25911],[99.87108,16.25931],[99.87361,16.25843],[99.87537,16.25982],[99.87779,16.25972],[99.87975,16.25811],[99.87917,16.2547],[99.88154,16.25343],[99.88188,16.25259],[99.8835,16.25244],[99.88442,16.25034],[99.88437,16.24863],[99.88712,16.24724],[99.8881,16.24605],[99.89205,16.24545],[99.89211,16.24328],[99.89043,16.24127],[99.89152,16.23968],[99.8937,16.24008],[99.89512,16.23879],[99.89595,16.23648],[99.88462,16.22336],[99.88147,16.21667],[99.87651,16.19921],[99.87599,16.19532],[99.87621,16.1934],[99.87803,16.18919],[99.8771,16.18666],[99.87757,16.17658],[99.87582,16.17378],[99.87605,16.17327],[99.87494,16.17241],[99.87713,16.16861],[99.87409,16.16504],[99.85952,16.15692],[99.85504,16.15503],[99.84895,16.15438],[99.84347,16.15522],[99.84095,16.15435],[99.83564,16.14956],[99.83043,16.14191],[99.82639,16.13921],[99.81981,16.13914],[99.81261,16.13704],[99.80948,16.13802],[99.80696,16.13973],[99.80385,16.13953],[99.8028,16.1388],[99.80208,16.13587],[99.79867,16.13217],[99.79689,16.13075],[99.79205,16.129],[99.78843,16.12865],[99.78668,16.13027],[99.78614,16.13289],[99.78688,16.13487],[99.78354,16.13648],[99.78332,16.13796],[99.78214,16.13756],[99.78181,16.13669],[99.78069,16.13741],[99.77903,16.13581],[99.77706,16.13531],[99.77563,16.13263],[99.77388,16.13176],[99.76907,16.13199],[99.76528,16.1336],[99.76412,16.13185],[99.76202,16.13136],[99.75986,16.13164],[99.75869,16.13245],[99.75776,16.13165],[99.75783,16.12987],[99.75584,16.12941],[99.75229,16.13],[99.74801,16.13203],[99.74325,16.13192],[99.73992,16.13285],[99.73847,16.13077],[99.7381,16.13185],[99.73735,16.13081],[99.7363,16.13113],[99.73561,16.13044],[99.73485,16.1307],[99.73483,16.13158],[99.73396,16.13071],[99.73389,16.13138],[99.73257,16.13146],[99.73274,16.13191],[99.73015,16.13194],[99.72989,16.13244],[99.72946,16.13204],[99.72901,16.13258],[99.72834,16.13194],[99.72722,16.13217],[99.72743,16.13116],[99.72674,16.13101],[99.72639,16.13177],[99.72624,16.13126],[99.72477,16.13105],[99.7232,16.13275],[99.72248,16.13212],[99.72027,16.13404],[99.72018,16.13212],[99.71547,16.13001],[99.71174,16.12499],[99.70904,16.12544],[99.70126,16.12453],[99.69515,16.13028],[99.68899,16.13155],[99.68655,16.13143],[99.68383,16.13244],[99.6831,16.13037],[99.68166,16.12931],[99.68036,16.12955],[99.67899,16.12844],[99.67987,16.12815],[99.67986,16.12663],[99.67689,16.12485],[99.67573,16.12322],[99.67404,16.12266],[99.67317,16.12323],[99.67275,16.12264],[99.67158,16.12334],[99.67043,16.12161],[99.66969,16.12256],[99.6681,16.12181],[99.66646,16.12392],[99.66532,16.12376],[99.66458,16.12466],[99.66328,16.12469],[99.6631,16.12383],[99.66123,16.12373],[99.66017,16.12409],[99.66006,16.12494],[99.65884,16.12589],[99.65763,16.12592],[99.65764,16.12673],[99.6558,16.12619],[99.65521,16.12699],[99.65442,16.12611],[99.65439,16.127],[99.65293,16.12742],[99.65252,16.12848],[99.65157,16.12778],[99.65174,16.12848],[99.65106,16.1291],[99.65182,16.13371],[99.66078,16.13404],[99.66392,16.13881],[99.66502,16.14584],[99.66307,16.14626],[99.66297,16.14907],[99.66137,16.15394],[99.65726,16.15664],[99.65021,16.15745],[99.64795,16.15988],[99.64378,16.16061],[99.63578,16.16051],[99.63068,16.16276],[99.62548,16.16164],[99.61993,16.15951],[99.61735,16.15758],[99.61239,16.15623],[99.6115,16.15621],[99.60995,16.15874],[99.60749,16.16032],[99.59492,16.16275],[99.58321,16.16179],[99.58095,16.16024],[99.58116,16.15851],[99.58058,16.15773],[99.57934,16.15763],[99.57985,16.15673],[99.57792,16.15673],[99.57829,16.15624],[99.5778,16.15601],[99.57632,16.1565],[99.57555,16.15544],[99.57467,16.15566],[99.57441,16.15644],[99.5724,16.15633],[99.56874,16.15413],[99.5679,16.1553],[99.56727,16.15477],[99.56596,16.15757],[99.56516,16.15645],[99.56306,16.15647],[99.56247,16.15439],[99.55862,16.15348],[99.55764,16.15258],[99.55707,16.15045],[99.55602,16.15016],[99.55522,16.15065],[99.55469,16.14959],[99.55196,16.15059],[99.55201,16.14978],[99.55097,16.14962],[99.55005,16.1506],[99.55009,16.14958],[99.54907,16.14878],[99.54773,16.14905],[99.5468,16.15019],[99.54468,16.15009],[99.54349,16.15143],[99.5428,16.15085],[99.54239,16.15152],[99.54207,16.15111],[99.54183,16.15227],[99.54015,16.15255],[99.53999,16.15305],[99.54064,16.1531],[99.54036,16.15409],[99.53906,16.15583],[99.53606,16.15377],[99.53336,16.15334],[99.53318,16.15261],[99.53189,16.15318],[99.53018,16.15226],[99.5297,16.15296],[99.52924,16.15179],[99.52843,16.15216],[99.52822,16.15145],[99.527,16.15144],[99.52698,16.15064],[99.52481,16.15073],[99.525,16.15031],[99.52369,16.15002],[99.52061,16.15081],[99.52084,16.14992],[99.51962,16.15072],[99.51891,16.15034],[99.51911,16.15105],[99.51703,16.15203],[99.51578,16.15124],[99.51604,16.15079]]]]}},{"type":"Feature","properties":{"code":"6206","name":"พรานกระต่าย"},"geometry":{"type":"MultiPolygon","coordinates":[[[[99.3821,16.6911],[99.37784,16.69389],[99.37619,16.69682],[99.37703,16.70197],[99.37557,16.70402],[99.37657,16.70474],[99.37605,16.7064],[99.37747,16.70749],[99.37723,16.71014],[99.37536,16.71046],[99.37381,16.7119],[99.37347,16.7134],[99.37417,16.71457],[99.3706,16.71744],[99.36981,16.72027],[99.36854,16.72184],[99.36974,16.72281],[99.36824,16.72468],[99.36919,16.72682],[99.36916,16.72876],[99.36782,16.72961],[99.36762,16.73168],[99.36928,16.73425],[99.36943,16.73575],[99.36323,16.73721],[99.36054,16.73711],[99.3581,16.73824],[99.35715,16.7399],[99.35519,16.74014],[99.35304,16.74166],[99.34556,16.74116],[99.34173,16.73932],[99.33885,16.73919],[99.33685,16.7379],[99.33551,16.7381],[99.33497,16.7396],[99.33588,16.74092],[99.33508,16.74211],[99.33576,16.74303],[99.33529,16.74327],[99.33555,16.74424],[99.33447,16.74438],[99.33504,16.74542],[99.33432,16.7456],[99.33452,16.74765],[99.33363,16.74919],[99.33405,16.75099],[99.33333,16.75089],[99.33363,16.75136],[99.33298,16.75186],[99.3335,16.75323],[99.33257,16.75373],[99.33237,16.75617],[99.33135,16.75771],[99.33057,16.75744],[99.32987,16.7588],[99.33017,16.76113],[99.32851,16.76333],[99.32865,16.76451],[99.32666,16.76527],[99.32605,16.76663],[99.32353,16.76747],[99.32166,16.76554],[99.31712,16.76643],[99.31574,16.76965],[99.31318,16.77099],[99.30733,16.76978],[99.30551,16.76868],[99.30359,16.77026],[99.29579,16.77158],[99.29429,16.77371],[99.29418,16.77983],[99.29177,16.7832],[99.29184,16.78503],[99.2979,16.78915],[99.30424,16.78695],[99.3052,16.78757],[99.3059,16.79022],[99.30872,16.79206],[99.31023,16.79418],[99.31268,16.79325],[99.31534,16.79413],[99.31649,16.79553],[99.31844,16.80259],[99.32148,16.80774],[99.32249,16.81171],[99.32466,16.81324],[99.33428,16.81131],[99.3411,16.81351],[99.34575,16.81335],[99.35072,16.81081],[99.35474,16.81092],[99.3629,16.80583],[99.36956,16.80355],[99.3732,16.80374],[99.37504,16.80472],[99.37525,16.80545],[99.37899,16.80651],[99.38132,16.80787],[99.38539,16.80785],[99.38524,16.8087],[99.38677,16.80955],[99.38833,16.81322],[99.38739,16.81383],[99.3879,16.81437],[99.38764,16.8154],[99.38453,16.81752],[99.38432,16.81912],[99.38271,16.81998],[99.38204,16.8218],[99.38358,16.82241],[99.38399,16.82205],[99.38597,16.82544],[99.38762,16.82628],[99.38517,16.82861],[99.38571,16.82949],[99.38461,16.83063],[99.38564,16.83306],[99.38555,16.83475],[99.38725,16.83819],[99.3854,16.84106],[99.38581,16.84387],[99.37887,16.84602],[99.37823,16.84637],[99.37797,16.84784],[99.37993,16.85022],[99.37941,16.8519],[99.38077,16.85445],[99.37909,16.85651],[99.37956,16.85757],[99.37867,16.85901],[99.38136,16.86192],[99.3813,16.86284],[99.38265,16.86412],[99.38347,16.86659],[99.39345,16.87104],[99.39442,16.87041],[99.39692,16.87153],[99.39847,16.87149],[99.39991,16.87063],[99.40141,16.87163],[99.40506,16.87195],[99.40617,16.87259],[99.41106,16.87248],[99.41285,16.87477],[99.41718,16.8763],[99.42175,16.88232],[99.42306,16.88298],[99.42643,16.87963],[99.43198,16.87647],[99.43641,16.87224],[99.44756,16.86989],[99.44968,16.87512],[99.4562,16.87819],[99.45785,16.88029],[99.46005,16.88119],[99.46166,16.88387],[99.46233,16.8838],[99.4631,16.8867],[99.46474,16.88705],[99.46675,16.88958],[99.46683,16.89239],[99.46584,16.89233],[99.46552,16.8934],[99.46646,16.8963],[99.46755,16.8977],[99.46937,16.89854],[99.46996,16.89993],[99.46961,16.90073],[99.47253,16.90241],[99.47387,16.90533],[99.47619,16.90547],[99.4778,16.90679],[99.47939,16.9069],[99.4797,16.90812],[99.48067,16.90737],[99.48135,16.90782],[99.48261,16.90714],[99.48404,16.90862],[99.48403,16.90947],[99.48682,16.90955],[99.48754,16.91044],[99.48866,16.91051],[99.49206,16.90589],[99.49315,16.90093],[99.49697,16.89517],[99.49735,16.89256],[99.49934,16.89106],[99.50727,16.88772],[99.51422,16.88249],[99.5143,16.88115],[99.51288,16.87955],[99.51365,16.87516],[99.51324,16.87318],[99.5146,16.86704],[99.51591,16.86471],[99.51702,16.85832],[99.5194,16.85537],[99.52289,16.85245],[99.52327,16.84679],[99.52414,16.84452],[99.5269,16.84158],[99.52713,16.83862],[99.52973,16.83517],[99.53065,16.82527],[99.53338,16.82558],[99.53486,16.82706],[99.53692,16.83201],[99.53762,16.83741],[99.53973,16.83811],[99.54167,16.8398],[99.54423,16.84996],[99.54413,16.85188],[99.54237,16.85604],[99.54244,16.85774],[99.54483,16.86244],[99.54906,16.86369],[99.55004,16.86141],[99.55323,16.86035],[99.55383,16.85921],[99.55678,16.85809],[99.55609,16.85765],[99.55671,16.8568],[99.55651,16.85562],[99.55742,16.85523],[99.55741,16.85446],[99.55839,16.85464],[99.55858,16.85359],[99.55948,16.85366],[99.55953,16.85309],[99.56583,16.85434],[99.56578,16.85876],[99.5685,16.85865],[99.57075,16.85954],[99.57112,16.85606],[99.57207,16.8555],[99.5717,16.85514],[99.57236,16.85396],[99.57184,16.85367],[99.57255,16.8509],[99.57374,16.84921],[99.57366,16.84804],[99.5722,16.84804],[99.57294,16.84782],[99.57289,16.84707],[99.57379,16.84719],[99.57354,16.84646],[99.57445,16.84635],[99.57318,16.84571],[99.57367,16.84306],[99.57258,16.8427],[99.57417,16.84222],[99.57261,16.84111],[99.57375,16.83993],[99.57288,16.83954],[99.5737,16.83907],[99.57287,16.83819],[99.57363,16.8377],[99.57288,16.83695],[99.57346,16.83642],[99.57234,16.83512],[99.57306,16.83467],[99.57286,16.83342],[99.57378,16.83328],[99.57344,16.83269],[99.57471,16.83242],[99.57409,16.83174],[99.57504,16.83173],[99.57485,16.83077],[99.57405,16.83108],[99.57389,16.83011],[99.57516,16.82963],[99.5749,16.82813],[99.57674,16.82748],[99.57689,16.82664],[99.57625,16.82652],[99.57664,16.82561],[99.5789,16.82409],[99.58085,16.82139],[99.5813,16.81942],[99.58082,16.81772],[99.57961,16.81773],[99.5788,16.81653],[99.5797,16.81421],[99.57899,16.81341],[99.58011,16.81281],[99.57927,16.81295],[99.57903,16.81171],[99.57819,16.81146],[99.57908,16.81097],[99.57977,16.80889],[99.57865,16.80861],[99.57837,16.8072],[99.57961,16.8075],[99.58227,16.80496],[99.58196,16.80329],[99.58457,16.80197],[99.5843,16.80141],[99.58555,16.80143],[99.5861,16.79965],[99.58519,16.79896],[99.58613,16.79949],[99.58655,16.79939],[99.58596,16.79861],[99.58831,16.79936],[99.58929,16.79897],[99.58976,16.79737],[99.58938,16.79646],[99.5913,16.79548],[99.59183,16.79268],[99.59267,16.79307],[99.59269,16.79176],[99.59389,16.79213],[99.59398,16.7906],[99.59576,16.79076],[99.59747,16.78984],[99.59796,16.79039],[99.59834,16.78985],[99.5982,16.79098],[99.59877,16.79056],[99.59888,16.79107],[99.60001,16.79017],[99.6004,16.79063],[99.60033,16.7899],[99.60107,16.79029],[99.60079,16.78965],[99.6014,16.78986],[99.60156,16.78856],[99.60276,16.78917],[99.60219,16.78809],[99.60278,16.78729],[99.60242,16.78678],[99.60323,16.78662],[99.6035,16.78561],[99.60407,16.78573],[99.60381,16.78521],[99.60467,16.7854],[99.6054,16.78461],[99.60528,16.78355],[99.60445,16.78373],[99.60498,16.78169],[99.60442,16.78123],[99.60574,16.78086],[99.60565,16.77843],[99.60735,16.77832],[99.60777,16.77763],[99.6072,16.77698],[99.60868,16.77631],[99.60868,16.77472],[99.61056,16.77634],[99.61084,16.77525],[99.61158,16.77548],[99.61034,16.77358],[99.6125,16.77087],[99.61223,16.7698],[99.61394,16.76856],[99.6142,16.76737],[99.61478,16.76742],[99.61452,16.76616],[99.61551,16.76608],[99.61567,16.76506],[99.61641,16.76551],[99.61733,16.76429],[99.61801,16.7646],[99.61914,16.76164],[99.61977,16.76181],[99.61953,16.76103],[99.62141,16.7603],[99.62198,16.75931],[99.62124,16.75925],[99.62136,16.75854],[99.62259,16.75765],[99.62221,16.75697],[99.62397,16.75651],[99.62519,16.75701],[99.62759,16.7553],[99.62802,16.75633],[99.63072,16.75568],[99.63163,16.75203],[99.63392,16.7501],[99.63555,16.74989],[99.63586,16.74885],[99.63757,16.74947],[99.63962,16.74662],[99.64054,16.74692],[99.64123,16.74459],[99.64577,16.74299],[99.64707,16.74646],[99.64865,16.74608],[99.64952,16.74699],[99.65113,16.74702],[99.65383,16.74646],[99.65837,16.74309],[99.65876,16.7406],[99.66313,16.74022],[99.6636,16.73947],[99.66427,16.73978],[99.66401,16.73914],[99.66464,16.73933],[99.66548,16.73773],[99.67047,16.73568],[99.671,16.73273],[99.67196,16.73184],[99.67221,16.73029],[99.67263,16.73072],[99.67264,16.72998],[99.67471,16.72952],[99.67423,16.72902],[99.67521,16.72888],[99.67475,16.72815],[99.67531,16.72759],[99.6771,16.72829],[99.67751,16.72783],[99.67961,16.72946],[99.6806,16.72904],[99.6811,16.72977],[99.68272,16.72938],[99.68494,16.73013],[99.6858,16.72967],[99.68588,16.73053],[99.68876,16.7305],[99.68981,16.73107],[99.69155,16.73067],[99.69325,16.73181],[99.69315,16.73117],[99.69432,16.73092],[99.69515,16.72994],[99.69534,16.72869],[99.69352,16.72441],[99.69427,16.72389],[99.69364,16.72267],[99.69487,16.72223],[99.69549,16.72104],[99.69519,16.71761],[99.6959,16.7168],[99.6966,16.71726],[99.69701,16.71655],[99.69748,16.71714],[99.69937,16.71674],[99.70005,16.71796],[99.70106,16.7176],[99.70157,16.71862],[99.70291,16.71846],[99.70434,16.71733],[99.70584,16.7193],[99.70502,16.72226],[99.70878,16.72479],[99.71011,16.72432],[99.71153,16.72266],[99.71297,16.72248],[99.71459,16.72134],[99.71831,16.72271],[99.71976,16.72256],[99.71976,16.72351],[99.72329,16.72675],[99.72308,16.72744],[99.72412,16.72727],[99.72504,16.72869],[99.72702,16.72884],[99.72878,16.73],[99.72995,16.72952],[99.73142,16.73181],[99.73323,16.73267],[99.73303,16.73366],[99.73436,16.73391],[99.73512,16.73857],[99.73659,16.74009],[99.73978,16.74079],[99.74097,16.74046],[99.74271,16.74173],[99.7427,16.74332],[99.74497,16.74407],[99.74478,16.74212],[99.7458,16.74001],[99.7457,16.73858],[99.74496,16.73701],[99.74345,16.73638],[99.74256,16.73503],[99.74244,16.73168],[99.74168,16.72947],[99.74239,16.72844],[99.74351,16.72859],[99.74551,16.72738],[99.74634,16.72751],[99.74916,16.72554],[99.74832,16.72333],[99.75012,16.72089],[99.75141,16.72048],[99.75416,16.72169],[99.75563,16.72159],[99.75928,16.71095],[99.75889,16.69924],[99.76045,16.68782],[99.7596,16.68491],[99.75669,16.68386],[99.75478,16.68093],[99.75561,16.67893],[99.75914,16.67623],[99.75967,16.67509],[99.75691,16.66578],[99.75786,16.66353],[99.75583,16.66246],[99.75402,16.66297],[99.75284,16.66234],[99.74957,16.65433],[99.74343,16.65196],[99.74116,16.65015],[99.73875,16.6459],[99.73776,16.63955],[99.73556,16.63514],[99.72922,16.62944],[99.73448,16.62784],[99.7367,16.62401],[99.7381,16.61958],[99.73883,16.61301],[99.74029,16.60884],[99.73631,16.60563],[99.73602,16.60054],[99.72752,16.59576],[99.72297,16.5878],[99.7276,16.5838],[99.73479,16.57898],[99.74723,16.57667],[99.75221,16.57294],[99.75291,16.57076],[99.75455,16.57008],[99.7518,16.55574],[99.74813,16.54819],[99.74992,16.5481],[99.74685,16.53079],[99.7455,16.53042],[99.74382,16.531],[99.74242,16.5304],[99.74089,16.52832],[99.73353,16.52853],[99.73347,16.52774],[99.73181,16.52758],[99.72711,16.52447],[99.7245,16.52449],[99.72331,16.52342],[99.72009,16.52321],[99.71958,16.52153],[99.71676,16.52076],[99.71534,16.52202],[99.71356,16.52222],[99.71238,16.52144],[99.70948,16.5215],[99.70757,16.52002],[99.70648,16.5204],[99.70284,16.5196],[99.699,16.52115],[99.69766,16.52261],[99.6936,16.52208],[99.68886,16.52565],[99.68682,16.52477],[99.68494,16.52509],[99.68443,16.5254],[99.68799,16.54512],[99.68762,16.54729],[99.68973,16.55054],[99.6845,16.55523],[99.67568,16.55687],[99.67551,16.55589],[99.66864,16.55469],[99.66495,16.55244],[99.66053,16.55149],[99.65624,16.54843],[99.65283,16.54702],[99.652,16.54492],[99.64461,16.54393],[99.64328,16.54202],[99.63982,16.53978],[99.63961,16.54058],[99.63553,16.5433],[99.63467,16.54776],[99.62769,16.5507],[99.62268,16.55059],[99.60846,16.55818],[99.59891,16.562],[99.59148,16.56995],[99.58693,16.5738],[99.58059,16.57702],[99.57155,16.5836],[99.56866,16.58454],[99.56367,16.58869],[99.56396,16.58928],[99.56273,16.59092],[99.56201,16.59034],[99.56105,16.59097],[99.56112,16.59026],[99.56028,16.59062],[99.55959,16.58999],[99.55803,16.59088],[99.55735,16.59065],[99.55661,16.59111],[99.55691,16.59174],[99.55626,16.59161],[99.55627,16.59233],[99.55492,16.59331],[99.55457,16.59243],[99.5534,16.59269],[99.55307,16.5913],[99.5524,16.59164],[99.55166,16.59024],[99.55109,16.59086],[99.55081,16.59025],[99.5501,16.59053],[99.54899,16.58977],[99.54804,16.59034],[99.54723,16.58945],[99.54698,16.59015],[99.54541,16.59011],[99.54296,16.59142],[99.54227,16.59084],[99.54138,16.59202],[99.53977,16.59253],[99.53968,16.59483],[99.53811,16.59708],[99.53628,16.59797],[99.53666,16.59933],[99.53517,16.60028],[99.53547,16.60123],[99.53476,16.60135],[99.53388,16.60334],[99.53285,16.60372],[99.53158,16.60539],[99.53162,16.60676],[99.5296,16.60922],[99.5301,16.60975],[99.52865,16.61071],[99.5293,16.61203],[99.52859,16.61335],[99.52915,16.61438],[99.52853,16.61592],[99.52355,16.61938],[99.52223,16.62511],[99.52031,16.62742],[99.51954,16.62756],[99.51861,16.63003],[99.51819,16.63416],[99.51608,16.63519],[99.51533,16.63701],[99.514,16.63799],[99.51079,16.63913],[99.50996,16.6401],[99.50649,16.63937],[99.5056,16.63971],[99.50302,16.64398],[99.50006,16.64344],[99.49514,16.64394],[99.49379,16.64834],[99.48935,16.64709],[99.48502,16.64701],[99.48361,16.64601],[99.48109,16.64782],[99.47865,16.64829],[99.47628,16.64959],[99.46604,16.64838],[99.46479,16.64913],[99.45813,16.64867],[99.4553,16.65178],[99.45354,16.65223],[99.45064,16.65443],[99.44528,16.65514],[99.44013,16.65377],[99.43608,16.65345],[99.42748,16.65547],[99.42329,16.65449],[99.42269,16.65538],[99.42132,16.65558],[99.42094,16.65656],[99.42008,16.65609],[99.41878,16.65726],[99.41829,16.65681],[99.41822,16.65747],[99.417,16.65717],[99.41667,16.65804],[99.41576,16.65657],[99.41404,16.65711],[99.41289,16.65816],[99.41377,16.65944],[99.41227,16.66051],[99.41063,16.65956],[99.40923,16.66113],[99.41022,16.66161],[99.40977,16.66289],[99.40798,16.66439],[99.40851,16.66526],[99.40798,16.66631],[99.40875,16.66676],[99.40936,16.66608],[99.41062,16.66614],[99.41055,16.66679],[99.41188,16.66787],[99.41208,16.67045],[99.41356,16.67196],[99.41431,16.67195],[99.41464,16.67307],[99.41348,16.67537],[99.41186,16.67541],[99.41142,16.67423],[99.41127,16.67517],[99.41034,16.67523],[99.41053,16.6759],[99.40885,16.6779],[99.40925,16.67981],[99.4086,16.68111],[99.40753,16.68206],[99.4073,16.68137],[99.40582,16.68084],[99.40441,16.68174],[99.4058,16.68247],[99.40521,16.68355],[99.3991,16.68549],[99.39956,16.68755],[99.39753,16.68976],[99.39189,16.69027],[99.39056,16.69187],[99.38905,16.69227],[99.38749,16.69176],[99.38597,16.69347],[99.3821,16.6911]]]]}},{"type":"Feature","properties":{"code":"6207","name":"ลานกระบือ"},"geometry":{"type":"MultiPolygon","coordinates":[[[[100.03466,16.50225],[100.03181,16.50455],[100.02631,16.51156],[100.02491,16.51463],[100.02494,16.5202],[100.02025,16.52161],[100.01877,16.52017],[100.01533,16.52007],[100.01062,16.52121],[100.01167,16.53021],[100.00841,16.53009],[100.00838,16.53088],[100.01112,16.53487],[100.01219,16.53962],[100.01106,16.54725],[100.01212,16.55094],[100.01163,16.55408],[100.0122,16.55436],[100.01224,16.55607],[100.01402,16.55978],[100.01201,16.56052],[100.01223,16.56142],[100.01105,16.56151],[100.01109,16.56272],[100.01132,16.56608],[100.01215,16.56622],[100.01221,16.5734],[100.01378,16.57421],[100.0128,16.5753],[100.01453,16.57954],[100.01485,16.58258],[100.01343,16.58157],[100.01231,16.58218],[100.01084,16.58122],[100.01017,16.58232],[100.0092,16.58217],[100.00746,16.58494],[100.00803,16.5859],[100.00591,16.58589],[100.00471,16.58486],[100.0056,16.58223],[100.00428,16.58145],[100.004,16.57907],[100.00295,16.57944],[100.00101,16.57852],[99.99775,16.57892],[99.99754,16.57833],[99.99623,16.57953],[99.99286,16.57719],[99.9908,16.57801],[99.98635,16.57833],[99.98572,16.57748],[99.98627,16.57606],[99.9854,16.57606],[99.98445,16.57463],[99.98147,16.57628],[99.97551,16.57734],[99.97087,16.5799],[99.96227,16.57909],[99.95009,16.57547],[99.94261,16.57437],[99.92983,16.57663],[99.92524,16.57894],[99.92477,16.581],[99.9253,16.58403],[99.91449,16.60381],[99.91537,16.60951],[99.91289,16.61171],[99.91214,16.6132],[99.90871,16.62431],[99.90797,16.62427],[99.90525,16.62793],[99.90515,16.6305],[99.90279,16.63073],[99.90195,16.63374],[99.89953,16.63673],[99.89839,16.64791],[99.89715,16.64815],[99.89624,16.64921],[99.89587,16.6518],[99.89743,16.65804],[99.89542,16.65835],[99.89489,16.66072],[99.89349,16.66084],[99.89458,16.66428],[99.89024,16.66764],[99.88891,16.67039],[99.88908,16.67684],[99.88834,16.67737],[99.88854,16.67954],[99.8918,16.6864],[99.88472,16.69386],[99.8883,16.69492],[99.88889,16.69693],[99.8905,16.69757],[99.88927,16.69945],[99.88686,16.69934],[99.88515,16.70111],[99.89179,16.70284],[99.89148,16.70396],[99.89284,16.70486],[99.89667,16.70554],[99.89307,16.70857],[99.8922,16.70826],[99.88864,16.71504],[99.88369,16.7111],[99.87825,16.71266],[99.87292,16.71535],[99.87237,16.71589],[99.87553,16.71821],[99.87171,16.72502],[99.87037,16.72425],[99.87016,16.72467],[99.86583,16.72387],[99.86323,16.72871],[99.862,16.72865],[99.86014,16.73118],[99.85669,16.72898],[99.85341,16.73527],[99.85061,16.73033],[99.84707,16.72685],[99.84736,16.72299],[99.84556,16.72052],[99.84577,16.71615],[99.845,16.71521],[99.84317,16.71496],[99.84193,16.71626],[99.83543,16.71382],[99.83265,16.71477],[99.82908,16.71744],[99.82874,16.71912],[99.82933,16.72237],[99.82831,16.72418],[99.8244,16.72236],[99.82216,16.72031],[99.81711,16.72134],[99.81424,16.72039],[99.81194,16.71543],[99.80574,16.71343],[99.80348,16.71045],[99.80923,16.70366],[99.80985,16.69875],[99.80915,16.69812],[99.80536,16.69888],[99.80371,16.69847],[99.80214,16.69649],[99.80199,16.69446],[99.80077,16.69169],[99.79943,16.69056],[99.79434,16.6888],[99.79299,16.68662],[99.79045,16.68633],[99.78805,16.6852],[99.78553,16.68517],[99.78353,16.6856],[99.78254,16.68678],[99.78088,16.68744],[99.77658,16.68767],[99.77534,16.68692],[99.77454,16.68509],[99.77253,16.6833],[99.76917,16.68272],[99.76612,16.68308],[99.76067,16.68497],[99.75712,16.68409],[99.75556,16.68265],[99.75478,16.68093],[99.75538,16.67922],[99.75964,16.67548],[99.759,16.67142],[99.75691,16.66578],[99.75786,16.66353],[99.75583,16.66246],[99.75402,16.66297],[99.75284,16.66234],[99.74957,16.65433],[99.74343,16.65196],[99.74116,16.65015],[99.73875,16.6459],[99.73776,16.63955],[99.73556,16.63514],[99.72922,16.62944],[99.73448,16.62784],[99.7367,16.62401],[99.74022,16.6085],[99.73631,16.60563],[99.73602,16.60054],[99.72752,16.59576],[99.72297,16.5878],[99.7276,16.5838],[99.73479,16.57898],[99.74723,16.57667],[99.75221,16.57294],[99.75291,16.57076],[99.75455,16.57008],[99.7518,16.55574],[99.74813,16.54819],[99.74992,16.5481],[99.74685,16.53079],[99.75079,16.53091],[99.75255,16.52937],[99.75496,16.52917],[99.75633,16.52648],[99.75784,16.52636],[99.7599,16.52723],[99.76069,16.52871],[99.7686,16.53063],[99.77068,16.53389],[99.76889,16.5342],[99.7681,16.53543],[99.76733,16.53786],[99.76646,16.53852],[99.76612,16.54212],[99.76652,16.54341],[99.76832,16.54396],[99.77011,16.54376],[99.77124,16.5425],[99.77354,16.54236],[99.77626,16.54328],[99.77756,16.54235],[99.77968,16.54285],[99.78066,16.54391],[99.78203,16.54248],[99.78746,16.54284],[99.78857,16.54242],[99.7898,16.54299],[99.79509,16.54091],[99.79758,16.54085],[99.79808,16.53998],[99.79942,16.54083],[99.80033,16.5397],[99.80621,16.53942],[99.80835,16.53865],[99.80832,16.53749],[99.80889,16.53719],[99.81969,16.536],[99.82059,16.53494],[99.82311,16.53509],[99.8232,16.53411],[99.82444,16.53438],[99.82482,16.53372],[99.82587,16.53498],[99.827,16.53482],[99.82792,16.53546],[99.82886,16.53521],[99.82877,16.53409],[99.83003,16.53484],[99.83133,16.53393],[99.83221,16.53436],[99.83387,16.53359],[99.83438,16.52888],[99.8362,16.52724],[99.83716,16.52517],[99.84241,16.52558],[99.84505,16.52691],[99.84799,16.53075],[99.84786,16.53196],[99.85013,16.53308],[99.85387,16.53249],[99.8545,16.53349],[99.85636,16.53203],[99.85731,16.53224],[99.85823,16.52986],[99.85936,16.52888],[99.86048,16.52873],[99.86088,16.52964],[99.86356,16.52872],[99.86534,16.52954],[99.86607,16.52928],[99.86675,16.53011],[99.86638,16.5307],[99.86708,16.53104],[99.86695,16.53203],[99.86874,16.53309],[99.87331,16.53353],[99.8757,16.53189],[99.87684,16.52896],[99.87879,16.53142],[99.88023,16.53149],[99.88006,16.53238],[99.88094,16.53188],[99.88098,16.53374],[99.88035,16.53359],[99.88016,16.53451],[99.88127,16.53492],[99.88125,16.53604],[99.88225,16.53587],[99.8824,16.53685],[99.88409,16.53729],[99.88458,16.53818],[99.88677,16.53854],[99.88768,16.53692],[99.89203,16.53806],[99.89248,16.53673],[99.89456,16.53542],[99.89541,16.53672],[99.89784,16.53624],[99.89909,16.53713],[99.90056,16.53657],[99.90136,16.53726],[99.90245,16.53615],[99.9035,16.53668],[99.90416,16.5363],[99.9073,16.53327],[99.90844,16.53465],[99.90917,16.53418],[99.90983,16.53502],[99.91201,16.53466],[99.91395,16.5289],[99.91469,16.52277],[99.91613,16.51822],[99.92004,16.51794],[99.92462,16.51867],[99.92473,16.51812],[99.92687,16.51815],[99.92733,16.5175],[99.93309,16.51755],[99.93373,16.51805],[99.93437,16.51666],[99.93626,16.51651],[99.93674,16.51809],[99.93972,16.51776],[99.94618,16.51838],[99.95294,16.52008],[99.9574,16.51951],[99.95761,16.51608],[99.95645,16.51528],[99.95612,16.5141],[99.9571,16.5136],[99.95903,16.50716],[99.9621,16.50709],[99.96613,16.5083],[99.96934,16.50712],[99.96885,16.50347],[99.96974,16.49791],[99.99477,16.49958],[99.99595,16.49691],[99.99892,16.49694],[99.99886,16.49988],[100.03466,16.50225]]]]}},{"type":"Feature","properties":{"code":"6208","name":"ทรายทองวัฒนา"},"geometry":{"type":"MultiPolygon","coordinates":[[[[99.89595,16.23648],[99.89512,16.23879],[99.8937,16.24008],[99.89152,16.23968],[99.89043,16.24127],[99.89211,16.24328],[99.89205,16.24545],[99.8881,16.24605],[99.88712,16.24724],[99.88437,16.24863],[99.88442,16.25034],[99.8835,16.25244],[99.88188,16.25259],[99.88154,16.25343],[99.87917,16.2547],[99.87975,16.25811],[99.87779,16.25972],[99.87537,16.25982],[99.87361,16.25843],[99.87108,16.25931],[99.86891,16.25911],[99.86814,16.25848],[99.86706,16.25951],[99.86486,16.2586],[99.86343,16.25929],[99.86195,16.25813],[99.86021,16.2606],[99.8603,16.26168],[99.85704,16.26599],[99.85452,16.26571],[99.85371,16.26481],[99.85112,16.26399],[99.84749,16.26591],[99.8443,16.2639],[99.8407,16.26519],[99.83978,16.26825],[99.83774,16.26815],[99.83581,16.26705],[99.8343,16.268],[99.83256,16.26722],[99.83188,16.26965],[99.82894,16.27092],[99.82805,16.27351],[99.82694,16.27321],[99.8248,16.27025],[99.81683,16.26965],[99.80663,16.27054],[99.80069,16.26828],[99.79805,16.26959],[99.79521,16.27215],[99.78978,16.27499],[99.78735,16.27409],[99.78468,16.27538],[99.783,16.27385],[99.77905,16.27477],[99.77415,16.27809],[99.76889,16.28302],[99.76752,16.28303],[99.76545,16.28191],[99.76311,16.28267],[99.75826,16.28826],[99.76327,16.2948],[99.76256,16.29986],[99.76019,16.30328],[99.76465,16.3078],[99.77288,16.3092],[99.77445,16.31001],[99.77896,16.31801],[99.78279,16.32948],[99.77983,16.33503],[99.7717,16.3469],[99.78182,16.34791],[99.78446,16.34972],[99.78668,16.35031],[99.78852,16.35204],[99.7951,16.35472],[99.8076,16.3519],[99.8171,16.35062],[99.82734,16.35328],[99.83073,16.35283],[99.83117,16.35195],[99.83488,16.35345],[99.83676,16.3531],[99.84307,16.35617],[99.86623,16.35788],[99.86869,16.35921],[99.87753,16.36026],[99.88638,16.36218],[99.88846,16.36202],[99.8924,16.36038],[99.91,16.36097],[99.94021,16.35985],[99.94829,16.36051],[99.95139,16.36243],[99.95541,16.36341],[99.95927,16.36339],[99.96199,16.36203],[99.97299,16.34966],[99.9773,16.34701],[99.98167,16.34545],[99.98496,16.34548],[99.98671,16.34657],[99.99467,16.3545],[99.99541,16.35626],[99.99782,16.35357],[100.00185,16.34279],[100.00118,16.34118],[100.00003,16.34084],[99.99996,16.34011],[99.99784,16.3403],[99.99244,16.33861],[99.98851,16.33957],[99.98778,16.3406],[99.9869,16.34012],[99.98559,16.34078],[99.98472,16.33563],[99.97854,16.33188],[99.97053,16.32467],[99.96167,16.31425],[99.94148,16.29357],[99.93763,16.28848],[99.935,16.28302],[99.93484,16.27321],[99.93329,16.27157],[99.93019,16.26988],[99.92877,16.26622],[99.92668,16.26314],[99.92674,16.25691],[99.92626,16.25563],[99.92207,16.25438],[99.91781,16.25481],[99.91295,16.24809],[99.89595,16.23648]]]]}},{"type":"Feature","properties":{"code":"6209","name":"ปางศิลาทอง"},"geometry":{"type":"MultiPolygon","coordinates":[[[[99.44311,16.10008],[99.44288,16.09953],[99.44152,16.10043],[99.44108,16.09956],[99.44036,16.10009],[99.43889,16.09976],[99.43877,16.09861],[99.43759,16.09922],[99.43742,16.0983],[99.43813,16.09727],[99.43716,16.09773],[99.43593,16.09655],[99.43649,16.09582],[99.43544,16.0952],[99.43637,16.09475],[99.43483,16.0929],[99.43475,16.09197],[99.43176,16.09301],[99.4313,16.09206],[99.4302,16.09198],[99.43025,16.09076],[99.43103,16.09018],[99.43086,16.08954],[99.42981,16.08987],[99.42965,16.08854],[99.42851,16.08812],[99.42791,16.08938],[99.42684,16.08925],[99.42655,16.08803],[99.42756,16.08642],[99.42598,16.08639],[99.42624,16.08696],[99.42437,16.08925],[99.42474,16.0872],[99.42279,16.08824],[99.42317,16.08636],[99.42205,16.08529],[99.42036,16.08491],[99.42014,16.08385],[99.41812,16.08326],[99.41496,16.08465],[99.41376,16.08426],[99.41362,16.08296],[99.41194,16.08227],[99.41307,16.08094],[99.41233,16.07985],[99.41119,16.07969],[99.40991,16.08059],[99.40958,16.07957],[99.41011,16.07845],[99.40656,16.0766],[99.40816,16.07617],[99.40676,16.07417],[99.40315,16.07269],[99.39937,16.07541],[99.3995,16.07243],[99.39744,16.07068],[99.39777,16.06836],[99.39608,16.06467],[99.39322,16.0646],[99.39266,16.06594],[99.39208,16.06547],[99.39148,16.06593],[99.39291,16.06746],[99.39205,16.06865],[99.39268,16.0694],[99.39256,16.07141],[99.39158,16.07218],[99.39189,16.07302],[99.39118,16.07299],[99.39015,16.07421],[99.3888,16.07424],[99.38856,16.07172],[99.38746,16.07114],[99.38703,16.06908],[99.38518,16.06934],[99.38368,16.06845],[99.38277,16.06917],[99.38132,16.06886],[99.38191,16.06636],[99.3815,16.0656],[99.37516,16.06597],[99.37369,16.06329],[99.37149,16.06298],[99.37043,16.06159],[99.37197,16.05994],[99.37144,16.05834],[99.36991,16.05814],[99.36899,16.05932],[99.36512,16.06043],[99.36171,16.05777],[99.36028,16.0577],[99.36031,16.05906],[99.35882,16.05951],[99.35818,16.05767],[99.35372,16.05788],[99.35204,16.05551],[99.35154,16.05645],[99.34912,16.05641],[99.34884,16.05721],[99.34938,16.05777],[99.34804,16.0593],[99.34766,16.06098],[99.34643,16.0616],[99.34595,16.06263],[99.34272,16.063],[99.34164,16.06265],[99.34105,16.06126],[99.33934,16.06142],[99.33783,16.06007],[99.33614,16.05989],[99.33471,16.06334],[99.3324,16.06486],[99.32926,16.06619],[99.32776,16.06286],[99.32718,16.0627],[99.32321,16.06731],[99.31992,16.06962],[99.31834,16.06349],[99.31335,16.06225],[99.31285,16.06016],[99.31184,16.05916],[99.31208,16.05732],[99.31445,16.05483],[99.31296,16.05325],[99.31285,16.05234],[99.3121,16.052],[99.3102,16.05263],[99.3088,16.05375],[99.30852,16.05537],[99.30677,16.05623],[99.30588,16.0547],[99.30487,16.05533],[99.30329,16.05466],[99.30277,16.05318],[99.30316,16.05146],[99.3021,16.04777],[99.29808,16.0454],[99.28975,16.04399],[99.28481,16.04415],[99.28093,16.04254],[99.27974,16.04142],[99.27787,16.04204],[99.27598,16.04373],[99.27363,16.04158],[99.27118,16.04062],[99.27108,16.03735],[99.26987,16.03577],[99.2651,16.03676],[99.26307,16.03658],[99.26107,16.03536],[99.25891,16.03557],[99.25726,16.03664],[99.25594,16.03441],[99.25284,16.03467],[99.25246,16.03368],[99.25342,16.03155],[99.25233,16.03046],[99.24878,16.03336],[99.24601,16.03234],[99.2461,16.03502],[99.24498,16.03583],[99.24532,16.03979],[99.24486,16.0413],[99.24096,16.03853],[99.2395,16.04179],[99.23855,16.04192],[99.23568,16.04023],[99.23225,16.0407],[99.2306,16.04252],[99.22946,16.04167],[99.22789,16.04175],[99.2262,16.04727],[99.22687,16.04963],[99.22664,16.05145],[99.22327,16.05431],[99.22293,16.05551],[99.21946,16.05881],[99.21937,16.05984],[99.21642,16.0588],[99.21609,16.0609],[99.21509,16.06176],[99.21583,16.06328],[99.21568,16.06449],[99.21291,16.06485],[99.21322,16.06669],[99.21001,16.06897],[99.20611,16.07295],[99.20572,16.07404],[99.20257,16.07572],[99.20228,16.07666],[99.20302,16.0776],[99.19914,16.07833],[99.19859,16.08089],[99.19653,16.08393],[99.19351,16.08607],[99.19339,16.08779],[99.18961,16.08973],[99.18912,16.0888],[99.18655,16.09056],[99.18649,16.09138],[99.18517,16.09154],[99.1843,16.09522],[99.17639,16.10289],[99.17465,16.10363],[99.1737,16.10541],[99.1722,16.10654],[99.17003,16.10736],[99.16805,16.10687],[99.16712,16.10768],[99.16545,16.10746],[99.16315,16.10835],[99.15982,16.10437],[99.15462,16.10313],[99.14607,16.09599],[99.14522,16.09484],[99.14513,16.09255],[99.14211,16.09297],[99.14117,16.09407],[99.13839,16.09363],[99.13649,16.09408],[99.13482,16.09328],[99.13379,16.0901],[99.13248,16.08999],[99.13139,16.08895],[99.13056,16.08894],[99.12917,16.09071],[99.12824,16.09073],[99.12802,16.0915],[99.12683,16.09183],[99.12572,16.09346],[99.12398,16.09446],[99.11808,16.09361],[99.11769,16.09211],[99.11464,16.08949],[99.10984,16.08823],[99.10804,16.08584],[99.10925,16.08204],[99.11391,16.08054],[99.11464,16.07662],[99.11743,16.07464],[99.11446,16.06852],[99.11334,16.0644],[99.11455,16.06042],[99.11203,16.05745],[99.10861,16.05543],[99.1054,16.04937],[99.1016,16.04872],[99.10026,16.04772],[99.09752,16.04784],[99.08879,16.04408],[99.08725,16.04247],[99.08647,16.04094],[99.08657,16.03191],[99.0858,16.02905],[99.08408,16.02702],[99.08401,16.02397],[99.08328,16.02229],[99.08306,16.0121],[99.08215,16.00592],[99.08397,16.00336],[99.08391,15.99992],[99.08603,15.99812],[99.087,15.99496],[99.0866,15.99185],[99.08801,15.98932],[99.08714,15.98595],[99.08851,15.98441],[99.08782,15.98162],[99.08859,15.97972],[99.08692,15.97752],[99.08607,15.97243],[99.08485,15.97124],[99.08192,15.97021],[99.08141,15.96772],[99.07946,15.96396],[99.07669,15.96221],[99.07458,15.96232],[99.07414,15.95963],[99.0751,15.95765],[99.07442,15.95418],[99.07524,15.95151],[99.07985,15.95049],[99.08066,15.94865],[99.08631,15.94811],[99.08704,15.94609],[99.08899,15.94521],[99.09036,15.93751],[99.0945,15.93467],[99.097,15.93047],[99.09596,15.92789],[99.09571,15.92464],[99.09238,15.92207],[99.08951,15.91727],[99.08622,15.91464],[99.08537,15.9099],[99.08665,15.90615],[99.08586,15.90362],[99.08576,15.89999],[99.08832,15.89706],[99.0879,15.89456],[99.08842,15.89218],[99.08666,15.88971],[99.08671,15.88671],[99.08593,15.88477],[99.08944,15.88554],[99.09249,15.8829],[99.09449,15.88231],[99.09549,15.88263],[99.09644,15.88485],[99.09799,15.88579],[99.09992,15.8892],[99.10488,15.89092],[99.10575,15.89356],[99.10712,15.89534],[99.11518,15.89992],[99.12599,15.91042],[99.1285,15.91206],[99.13028,15.91171],[99.13011,15.91086],[99.13088,15.91066],[99.13043,15.90905],[99.13568,15.90758],[99.13759,15.90559],[99.13975,15.90562],[99.14122,15.90698],[99.14375,15.90794],[99.14584,15.90778],[99.14899,15.90971],[99.15041,15.91253],[99.15311,15.91387],[99.15355,15.91586],[99.15441,15.91661],[99.15337,15.91994],[99.15655,15.91985],[99.15935,15.92309],[99.16166,15.92459],[99.16374,15.92394],[99.16417,15.92615],[99.1652,15.92573],[99.16818,15.92728],[99.17372,15.92825],[99.17357,15.93271],[99.17186,15.93575],[99.17246,15.93728],[99.17418,15.93693],[99.17578,15.93393],[99.17929,15.93353],[99.1815,15.93096],[99.18504,15.92839],[99.18615,15.9283],[99.18745,15.9299],[99.1914,15.93175],[99.19227,15.93476],[99.19192,15.93752],[99.19451,15.93773],[99.19549,15.93951],[99.19569,15.94032],[99.1948,15.94208],[99.19255,15.94287],[99.19425,15.94542],[99.19735,15.94326],[99.19923,15.9398],[99.20227,15.93837],[99.20306,15.93642],[99.20422,15.93625],[99.20498,15.93693],[99.20466,15.9431],[99.20698,15.94691],[99.20884,15.94838],[99.21046,15.94816],[99.21251,15.94413],[99.2166,15.94437],[99.21749,15.94371],[99.21718,15.94178],[99.21396,15.94019],[99.21352,15.93917],[99.21927,15.9367],[99.22065,15.93765],[99.22066,15.94439],[99.22106,15.94503],[99.22262,15.94466],[99.22393,15.94346],[99.22545,15.93685],[99.23126,15.93329],[99.23232,15.93034],[99.23425,15.92826],[99.23907,15.92614],[99.2401,15.92429],[99.24264,15.92213],[99.25189,15.91705],[99.25692,15.9159],[99.25892,15.91478],[99.26619,15.90754],[99.26798,15.9073],[99.26819,15.91214],[99.26953,15.91266],[99.27129,15.91195],[99.27289,15.91013],[99.27349,15.90837],[99.27386,15.90379],[99.27842,15.90322],[99.28139,15.89795],[99.28589,15.89732],[99.28834,15.89463],[99.28933,15.89174],[99.29107,15.89207],[99.29231,15.89365],[99.2917,15.89661],[99.29215,15.90006],[99.28897,15.9016],[99.28993,15.90503],[99.29118,15.90502],[99.29313,15.90286],[99.29442,15.90292],[99.29539,15.90411],[99.29512,15.9072],[99.29735,15.90893],[99.30192,15.90786],[99.30346,15.90429],[99.30446,15.90364],[99.3076,15.90342],[99.31022,15.90457],[99.31179,15.90718],[99.31069,15.91066],[99.31039,15.91737],[99.311,15.91853],[99.31275,15.91905],[99.31877,15.91674],[99.32016,15.91781],[99.32037,15.91973],[99.31877,15.92499],[99.31966,15.92745],[99.32111,15.92707],[99.32311,15.92431],[99.32762,15.92064],[99.32797,15.91968],[99.32573,15.91612],[99.32799,15.91269],[99.32913,15.91173],[99.33302,15.91143],[99.33453,15.91202],[99.33554,15.91413],[99.34333,15.92005],[99.3488,15.92276],[99.34937,15.92435],[99.35081,15.92549],[99.3492,15.92922],[99.34536,15.93158],[99.34385,15.93529],[99.33892,15.93863],[99.33873,15.94131],[99.33579,15.94656],[99.33581,15.94882],[99.33332,15.95111],[99.33685,15.96133],[99.33907,15.96433],[99.34693,15.96785],[99.35486,15.96996],[99.35828,15.96912],[99.36199,15.96666],[99.36305,15.96761],[99.3659,15.96738],[99.36771,15.96959],[99.37126,15.9711],[99.37495,15.96965],[99.3797,15.97195],[99.38258,15.97234],[99.38734,15.97122],[99.39323,15.97359],[99.39743,15.97123],[99.39946,15.96821],[99.40151,15.96755],[99.40213,15.96621],[99.40488,15.96436],[99.40575,15.96213],[99.40743,15.96114],[99.41372,15.9661],[99.41808,15.96697],[99.42205,15.97194],[99.42343,15.97208],[99.42481,15.97391],[99.43122,15.97795],[99.43092,15.98074],[99.42916,15.98417],[99.42874,15.98815],[99.42657,15.99029],[99.42603,15.99363],[99.42329,15.99525],[99.42168,15.99702],[99.4189,16.00369],[99.41621,16.00766],[99.41489,16.00837],[99.41365,16.01623],[99.41965,16.0162],[99.4267,16.01827],[99.42943,16.02082],[99.43042,16.02331],[99.42983,16.02355],[99.43047,16.0265],[99.43338,16.02905],[99.43479,16.02919],[99.43489,16.0312],[99.44019,16.03547],[99.44317,16.03716],[99.45267,16.03895],[99.4582,16.0413],[99.46043,16.04087],[99.48418,16.04312],[99.4931,16.04324],[99.49632,16.04392],[99.49724,16.04547],[99.50486,16.04477],[99.5067,16.04695],[99.50684,16.04977],[99.50595,16.05024],[99.50801,16.05311],[99.50766,16.05332],[99.51179,16.05408],[99.51391,16.0535],[99.51562,16.05442],[99.5155,16.05525],[99.51646,16.05455],[99.51771,16.05462],[99.51899,16.05562],[99.52006,16.05562],[99.52082,16.05493],[99.52131,16.05562],[99.52081,16.05615],[99.52154,16.05599],[99.5217,16.05662],[99.52296,16.057],[99.52262,16.05737],[99.52329,16.05848],[99.52244,16.05937],[99.52309,16.06097],[99.52371,16.06062],[99.52504,16.06245],[99.52553,16.06234],[99.5248,16.06339],[99.52567,16.06318],[99.5258,16.06461],[99.52627,16.0645],[99.52562,16.06583],[99.52656,16.06682],[99.52614,16.06899],[99.527,16.06878],[99.52818,16.07224],[99.52854,16.07181],[99.52926,16.07289],[99.53016,16.07299],[99.53016,16.07358],[99.53165,16.07371],[99.5319,16.07426],[99.53229,16.07363],[99.53401,16.07364],[99.53468,16.07465],[99.53553,16.07406],[99.536,16.07455],[99.53623,16.07552],[99.5356,16.07547],[99.5355,16.07622],[99.53633,16.07679],[99.53578,16.07745],[99.53657,16.07783],[99.53588,16.07832],[99.53669,16.07877],[99.53587,16.08026],[99.53715,16.07992],[99.53605,16.08136],[99.53656,16.08167],[99.53594,16.08222],[99.53652,16.08369],[99.53919,16.08322],[99.53946,16.08388],[99.54052,16.08411],[99.54071,16.08609],[99.54119,16.08565],[99.54109,16.08639],[99.54006,16.08675],[99.54015,16.08767],[99.54114,16.08777],[99.54066,16.08732],[99.5413,16.08701],[99.5418,16.08769],[99.54276,16.08734],[99.54776,16.08884],[99.54993,16.08992],[99.55335,16.09311],[99.55411,16.09414],[99.55275,16.09387],[99.55154,16.09442],[99.55187,16.09791],[99.55124,16.10047],[99.55487,16.1039],[99.56016,16.10244],[99.56062,16.10339],[99.56186,16.10335],[99.56301,16.10763],[99.57638,16.12354],[99.58124,16.12327],[99.58241,16.11922],[99.58455,16.1178],[99.58796,16.1174],[99.5891,16.11602],[99.58945,16.1167],[99.59078,16.11641],[99.59108,16.11779],[99.59218,16.11886],[99.5939,16.11873],[99.5946,16.11763],[99.59701,16.11679],[99.59832,16.11739],[99.5992,16.1171],[99.59929,16.11795],[99.59999,16.11787],[99.60081,16.11894],[99.6041,16.11974],[99.60445,16.119],[99.60639,16.11896],[99.6096,16.11743],[99.61274,16.11812],[99.61337,16.1188],[99.61554,16.11891],[99.61688,16.11977],[99.61935,16.1198],[99.62058,16.11898],[99.62439,16.12059],[99.62818,16.11954],[99.62848,16.1181],[99.62978,16.11867],[99.62978,16.11968],[99.63145,16.11943],[99.63169,16.12088],[99.63466,16.11856],[99.63655,16.11939],[99.63663,16.11999],[99.6379,16.11941],[99.63933,16.1206],[99.63999,16.12004],[99.64038,16.1207],[99.64216,16.12057],[99.64379,16.12251],[99.64497,16.12174],[99.64809,16.12383],[99.64857,16.1253],[99.64996,16.12524],[99.64976,16.12929],[99.65106,16.1291],[99.6519,16.13376],[99.66078,16.13404],[99.66392,16.13881],[99.66502,16.14584],[99.66307,16.14626],[99.66297,16.14907],[99.66178,16.15333],[99.65856,16.15611],[99.65558,16.15706],[99.65021,16.15745],[99.64885,16.15917],[99.64706,16.16013],[99.63578,16.16051],[99.63068,16.16276],[99.62548,16.16164],[99.61993,16.15951],[99.61735,16.15758],[99.61239,16.15623],[99.6115,16.15621],[99.60995,16.15874],[99.60749,16.16032],[99.59492,16.16275],[99.58321,16.16179],[99.58095,16.16024],[99.58116,16.15851],[99.58058,16.15773],[99.57934,16.15763],[99.57985,16.15673],[99.57792,16.15673],[99.57829,16.15624],[99.5778,16.15601],[99.57632,16.1565],[99.57555,16.15544],[99.57467,16.15566],[99.57441,16.15644],[99.5724,16.15633],[99.56874,16.15413],[99.5679,16.1553],[99.56727,16.15477],[99.56596,16.15757],[99.56516,16.15645],[99.56306,16.15647],[99.56247,16.15439],[99.55862,16.15348],[99.55764,16.15258],[99.55707,16.15045],[99.55602,16.15016],[99.55522,16.15065],[99.55469,16.14959],[99.55196,16.15059],[99.55201,16.14978],[99.55097,16.14962],[99.55005,16.1506],[99.55009,16.14958],[99.54907,16.14878],[99.54773,16.14905],[99.5468,16.15019],[99.54468,16.15009],[99.54349,16.15143],[99.5428,16.15085],[99.54239,16.15152],[99.54207,16.15111],[99.54183,16.15227],[99.54015,16.15255],[99.53999,16.15305],[99.54064,16.1531],[99.54036,16.15409],[99.53906,16.15583],[99.53606,16.15377],[99.53336,16.15334],[99.53318,16.15261],[99.53189,16.15318],[99.53018,16.15226],[99.5297,16.15296],[99.52924,16.15179],[99.52843,16.15216],[99.52822,16.15145],[99.527,16.15144],[99.52698,16.15064],[99.52481,16.15073],[99.525,16.15031],[99.52369,16.15002],[99.52061,16.15081],[99.52084,16.14992],[99.51962,16.15072],[99.51891,16.15034],[99.51911,16.15105],[99.51703,16.15203],[99.51578,16.15124],[99.51604,16.15079],[99.51417,16.15067],[99.51404,16.14991],[99.51259,16.14914],[99.51026,16.14948],[99.5097,16.15035],[99.50911,16.14997],[99.50776,16.15159],[99.50735,16.1506],[99.50599,16.15053],[99.50604,16.15118],[99.50549,16.15083],[99.50565,16.15149],[99.50424,16.15252],[99.50197,16.15186],[99.50129,16.15301],[99.50001,16.15277],[99.4996,16.15353],[99.49805,16.15232],[99.49706,16.15275],[99.49645,16.15436],[99.49559,16.15371],[99.4958,16.1543],[99.49508,16.15399],[99.49417,16.15618],[99.49259,16.15676],[99.49238,16.15845],[99.49098,16.15898],[99.49067,16.16007],[99.48765,16.16078],[99.48762,16.16185],[99.48694,16.16241],[99.48729,16.16319],[99.48603,16.16349],[99.48561,16.16449],[99.48244,16.16357],[99.48143,16.16463],[99.47897,16.1645],[99.47826,16.16385],[99.47593,16.16511],[99.47093,16.16577],[99.46437,16.16524],[99.45997,16.16189],[99.45823,16.15873],[99.45548,16.156],[99.45275,16.15184],[99.44994,16.15269],[99.44889,16.15406],[99.44735,16.15274],[99.44579,16.15382],[99.44334,16.15126],[99.44246,16.15215],[99.43987,16.14799],[99.43903,16.14798],[99.43484,16.15081],[99.43104,16.14927],[99.42916,16.14701],[99.42158,16.14613],[99.42043,16.14415],[99.41758,16.14191],[99.41824,16.13798],[99.41811,16.13315],[99.42068,16.13002],[99.42675,16.126],[99.43332,16.12324],[99.43916,16.12269],[99.45124,16.12304],[99.45365,16.12217],[99.45471,16.11415],[99.45725,16.10695],[99.45647,16.10649],[99.4561,16.10488],[99.45499,16.10484],[99.45501,16.10275],[99.45389,16.10281],[99.45349,16.10127],[99.45113,16.10264],[99.44955,16.10155],[99.4476,16.10237],[99.44652,16.10058],[99.44559,16.10126],[99.44311,16.10008]]]]}},{"type":"Feature","properties":{"code":"6210","name":"บึงสามัคคี"},"geometry":{"type":"MultiPolygon","coordinates":[[[[99.98559,16.34078],[99.9869,16.34012],[99.98778,16.3406],[99.98851,16.33957],[99.99263,16.33862],[99.99784,16.3403],[99.99996,16.34011],[100.00003,16.34084],[100.00124,16.34127],[100.00165,16.34267],[100.00339,16.34241],[100.0038,16.34069],[100.00551,16.33934],[100.00516,16.33859],[100.00616,16.33592],[100.00555,16.33495],[100.00695,16.33438],[100.00741,16.33279],[100.00952,16.33282],[100.01127,16.33197],[100.01236,16.33287],[100.01356,16.33167],[100.0132,16.33098],[100.01367,16.32977],[100.01462,16.32994],[100.01406,16.32839],[100.01473,16.32694],[100.01397,16.32686],[100.01363,16.32498],[100.01457,16.32522],[100.0138,16.32459],[100.0129,16.32037],[100.01372,16.32063],[100.01339,16.31999],[100.01526,16.32007],[100.01528,16.31934],[100.01618,16.31929],[100.016,16.31842],[100.01831,16.31614],[100.01856,16.31471],[100.01905,16.31467],[100.0197,16.31609],[100.0205,16.31405],[100.02017,16.31356],[100.02128,16.31287],[100.0207,16.30742],[100.01923,16.30309],[100.01913,16.29698],[100.02234,16.29528],[100.02666,16.29078],[100.02779,16.28668],[100.03117,16.27935],[100.02901,16.27328],[100.02895,16.27056],[100.02716,16.26775],[100.02677,16.25789],[100.02587,16.25629],[100.02141,16.253],[100.02133,16.25063],[100.02687,16.24188],[100.03228,16.22854],[100.03568,16.22209],[100.03876,16.21823],[100.04709,16.21026],[100.0467,16.20701],[100.04469,16.20559],[100.04525,16.20366],[100.044,16.20364],[100.04127,16.20178],[100.04176,16.19977],[100.03931,16.19782],[100.03842,16.19781],[100.03825,16.19628],[100.03386,16.19637],[100.02476,16.19113],[100.02341,16.18903],[100.02209,16.1887],[100.02418,16.17542],[100.02162,16.16247],[100.01895,16.15818],[100.01824,16.15568],[100.01627,16.15453],[100.0159,16.15282],[100.01674,16.15269],[100.01672,16.14888],[100.01478,16.14912],[100.01462,16.14802],[100.01092,16.146],[100.00984,16.14363],[100.00621,16.14278],[100.00477,16.13924],[100.00338,16.13965],[100.00108,16.1362],[99.99771,16.13336],[99.9968,16.13327],[99.99695,16.12776],[99.99773,16.12769],[99.99647,16.12301],[99.99467,16.12367],[99.99448,16.12185],[99.98942,16.12225],[99.98896,16.12029],[99.98744,16.12054],[99.98795,16.11729],[99.98547,16.11719],[99.97975,16.12165],[99.97942,16.12582],[99.97655,16.12739],[99.9742,16.1273],[99.97245,16.12631],[99.97057,16.12826],[99.97005,16.13014],[99.96874,16.13002],[99.96732,16.13122],[99.96713,16.13251],[99.96559,16.13323],[99.96457,16.13205],[99.96269,16.13137],[99.96031,16.13208],[99.95966,16.13322],[99.95778,16.13376],[99.95344,16.13317],[99.95154,16.13389],[99.95141,16.13316],[99.94924,16.13165],[99.94771,16.13148],[99.94689,16.13066],[99.9446,16.13105],[99.94332,16.12998],[99.94118,16.13113],[99.93849,16.13028],[99.93123,16.13024],[99.92533,16.12715],[99.91854,16.12621],[99.91691,16.12642],[99.91457,16.12945],[99.91419,16.13231],[99.91544,16.13419],[99.91375,16.1359],[99.90961,16.13235],[99.90593,16.13098],[99.90064,16.12509],[99.89687,16.1258],[99.89518,16.12791],[99.89157,16.12917],[99.88999,16.12822],[99.88826,16.13149],[99.88602,16.13002],[99.8859,16.13105],[99.88466,16.13062],[99.8836,16.12936],[99.88191,16.13032],[99.87472,16.13178],[99.87394,16.13463],[99.87192,16.13685],[99.86957,16.14222],[99.8664,16.14092],[99.86513,16.14334],[99.86369,16.14884],[99.86898,16.15146],[99.86841,16.15275],[99.87074,16.15386],[99.87072,16.15628],[99.87418,16.15648],[99.87492,16.15831],[99.8784,16.16072],[99.87652,16.1636],[99.87889,16.1653],[99.87723,16.16742],[99.877,16.16954],[99.87494,16.17241],[99.87605,16.17327],[99.87582,16.17378],[99.87757,16.17658],[99.8771,16.18666],[99.87803,16.18919],[99.87621,16.1934],[99.87599,16.19532],[99.87651,16.19921],[99.88147,16.21667],[99.88369,16.22168],[99.89595,16.23648],[99.91295,16.24809],[99.91745,16.25458],[99.92207,16.25438],[99.92626,16.25563],[99.92674,16.25691],[99.92668,16.26314],[99.92877,16.26622],[99.93019,16.26988],[99.93329,16.27157],[99.93484,16.27321],[99.935,16.28302],[99.93763,16.28848],[99.94148,16.29357],[99.96167,16.31425],[99.97053,16.32467],[99.97854,16.33188],[99.98472,16.33563],[99.98559,16.34078]]]]}},{"type":"Feature","properties":{"code":"6211","name":"โกสัมพีนคร"},"geometry":{"type":"MultiPolygon","coordinates":[[[[99.17807,16.44277],[99.17394,16.44527],[99.174,16.44625],[99.17257,16.44677],[99.17199,16.44838],[99.17009,16.44895],[99.16752,16.44856],[99.16667,16.44459],[99.16335,16.44397],[99.16186,16.44601],[99.16187,16.44761],[99.15955,16.4498],[99.15981,16.4512],[99.156,16.45387],[99.15121,16.45145],[99.14822,16.45227],[99.14651,16.452],[99.14305,16.44988],[99.1437,16.44654],[99.14169,16.44729],[99.13688,16.44699],[99.13242,16.44361],[99.1282,16.44348],[99.12575,16.44229],[99.12268,16.4427],[99.12197,16.44376],[99.1206,16.4442],[99.11873,16.44388],[99.11721,16.4426],[99.11608,16.44375],[99.11559,16.44305],[99.11413,16.44343],[99.11285,16.4405],[99.11465,16.43714],[99.11372,16.43556],[99.11453,16.43434],[99.11584,16.43499],[99.11778,16.43354],[99.11739,16.43238],[99.11674,16.43271],[99.11644,16.43195],[99.11544,16.43195],[99.11555,16.43076],[99.11646,16.43028],[99.11794,16.43166],[99.11879,16.43001],[99.12018,16.43063],[99.12116,16.43034],[99.1211,16.42969],[99.12017,16.42949],[99.122,16.42822],[99.12369,16.42959],[99.12478,16.42959],[99.12281,16.4255],[99.12434,16.42509],[99.12666,16.42669],[99.12602,16.42382],[99.12483,16.4222],[99.12677,16.42034],[99.12452,16.4186],[99.12371,16.41695],[99.12444,16.41354],[99.12157,16.41368],[99.12078,16.41115],[99.11715,16.4094],[99.11478,16.40707],[99.11295,16.40696],[99.1124,16.40438],[99.11351,16.40301],[99.11193,16.40207],[99.11165,16.40086],[99.11018,16.39976],[99.10973,16.39889],[99.11014,16.39671],[99.10889,16.3965],[99.10875,16.39439],[99.10521,16.39312],[99.10298,16.39113],[99.10302,16.38988],[99.1013,16.38915],[99.09443,16.38959],[99.09346,16.39182],[99.09186,16.39271],[99.0813,16.39166],[99.07678,16.39422],[99.07312,16.39425],[99.07053,16.39626],[99.06916,16.39941],[99.06611,16.40166],[99.06546,16.40302],[99.06582,16.40526],[99.06523,16.40603],[99.06281,16.40605],[99.05986,16.40445],[99.05883,16.40918],[99.05496,16.40865],[99.05336,16.40922],[99.05233,16.41038],[99.05117,16.41404],[99.04616,16.41491],[99.04461,16.41861],[99.04355,16.41946],[99.04156,16.42011],[99.03728,16.41985],[99.03598,16.42218],[99.0339,16.42285],[99.03208,16.42297],[99.03077,16.42168],[99.03045,16.42336],[99.03098,16.4264],[99.0329,16.4278],[99.03386,16.43042],[99.03565,16.43251],[99.03913,16.43486],[99.04047,16.43793],[99.04542,16.44143],[99.04923,16.44099],[99.05145,16.44347],[99.05442,16.44443],[99.0553,16.44707],[99.06192,16.45174],[99.06264,16.45386],[99.06447,16.45623],[99.06429,16.45851],[99.06822,16.46185],[99.0704,16.46215],[99.07447,16.46712],[99.07958,16.46835],[99.08121,16.46974],[99.0841,16.46947],[99.08755,16.47245],[99.08936,16.47313],[99.09214,16.47308],[99.09272,16.47342],[99.09286,16.47485],[99.09448,16.47498],[99.09553,16.47586],[99.09883,16.47283],[99.10034,16.47432],[99.09948,16.4764],[99.09997,16.47763],[99.1014,16.47818],[99.10376,16.47679],[99.10588,16.47644],[99.10658,16.48036],[99.10728,16.48099],[99.10904,16.47828],[99.11035,16.47791],[99.11327,16.47963],[99.11515,16.47819],[99.12009,16.47893],[99.12131,16.47782],[99.119,16.47745],[99.11942,16.47625],[99.12095,16.47467],[99.12266,16.47496],[99.12354,16.47599],[99.12301,16.47856],[99.12436,16.47885],[99.12515,16.47986],[99.1249,16.48197],[99.12802,16.4825],[99.1276,16.48385],[99.12543,16.48525],[99.127,16.48625],[99.13048,16.48659],[99.12932,16.48866],[99.12968,16.48936],[99.13406,16.48955],[99.13507,16.4942],[99.13611,16.4941],[99.13721,16.49304],[99.13788,16.4935],[99.13854,16.4949],[99.1385,16.49867],[99.13996,16.50038],[99.14193,16.50047],[99.14387,16.4986],[99.14781,16.49945],[99.1486,16.49989],[99.14985,16.50261],[99.15081,16.50292],[99.1536,16.49946],[99.15446,16.49942],[99.15495,16.50301],[99.15576,16.50423],[99.15688,16.50446],[99.15894,16.50302],[99.16206,16.50655],[99.16371,16.50548],[99.16371,16.50224],[99.16615,16.5031],[99.16936,16.50551],[99.17164,16.50924],[99.17416,16.51112],[99.17174,16.51196],[99.16857,16.51041],[99.1676,16.51057],[99.16738,16.51309],[99.17058,16.5213],[99.17571,16.52578],[99.1784,16.52575],[99.1795,16.52636],[99.1805,16.5281],[99.1788,16.52958],[99.17861,16.53076],[99.18004,16.53216],[99.188,16.53133],[99.19035,16.53045],[99.19136,16.53101],[99.19098,16.53277],[99.1887,16.53449],[99.18975,16.538],[99.19066,16.53908],[99.19682,16.53691],[99.1984,16.53375],[99.19845,16.53208],[99.19931,16.53137],[99.20093,16.53132],[99.20268,16.53226],[99.20457,16.53207],[99.21224,16.53038],[99.21538,16.52885],[99.21808,16.52877],[99.21938,16.52777],[99.22203,16.5319],[99.22424,16.53328],[99.22866,16.53342],[99.22919,16.53437],[99.23009,16.53407],[99.23045,16.53461],[99.23149,16.53337],[99.23482,16.53314],[99.23652,16.53207],[99.24013,16.53363],[99.24046,16.5345],[99.23898,16.53809],[99.24208,16.53942],[99.24208,16.54211],[99.24333,16.54584],[99.24474,16.54653],[99.24558,16.54618],[99.24786,16.54947],[99.2479,16.55129],[99.24485,16.55327],[99.24505,16.55468],[99.24765,16.5569],[99.24881,16.55941],[99.2531,16.56091],[99.25444,16.56295],[99.25476,16.5651],[99.25637,16.56706],[99.25536,16.57276],[99.25392,16.5743],[99.25534,16.57516],[99.25525,16.57611],[99.25658,16.57742],[99.25577,16.57866],[99.25448,16.57917],[99.25457,16.58398],[99.25014,16.59081],[99.25259,16.59466],[99.25253,16.59564],[99.25145,16.59675],[99.25201,16.59908],[99.25349,16.60011],[99.25362,16.60239],[99.25534,16.60296],[99.25551,16.60356],[99.25371,16.60397],[99.2521,16.60533],[99.25156,16.6078],[99.2504,16.60821],[99.25062,16.60936],[99.24963,16.60957],[99.24903,16.61084],[99.24654,16.61225],[99.24569,16.61491],[99.24635,16.61786],[99.24325,16.61834],[99.24295,16.61918],[99.2443,16.62049],[99.24421,16.62239],[99.24155,16.62323],[99.24195,16.62518],[99.24316,16.6269],[99.24381,16.62689],[99.24254,16.63023],[99.24157,16.63075],[99.24172,16.63222],[99.24272,16.63264],[99.24379,16.63623],[99.2423,16.63795],[99.24246,16.63884],[99.24115,16.64065],[99.24275,16.64187],[99.24261,16.64362],[99.24403,16.64381],[99.24326,16.64492],[99.24438,16.64747],[99.24422,16.64848],[99.24477,16.64904],[99.24606,16.64886],[99.24631,16.65106],[99.24709,16.6515],[99.24549,16.65623],[99.24843,16.6576],[99.24775,16.66012],[99.24674,16.66067],[99.24665,16.66241],[99.24771,16.66356],[99.25055,16.66381],[99.2536,16.66589],[99.25792,16.66523],[99.25864,16.667],[99.26102,16.66713],[99.26166,16.66861],[99.26337,16.66888],[99.26417,16.67],[99.26538,16.67039],[99.2654,16.67116],[99.26728,16.67086],[99.27105,16.66838],[99.27195,16.66877],[99.27245,16.67419],[99.27485,16.67784],[99.27107,16.68269],[99.27165,16.68487],[99.2773,16.68588],[99.28225,16.68974],[99.28201,16.69346],[99.28516,16.69581],[99.28455,16.69949],[99.28254,16.70247],[99.28294,16.70629],[99.28691,16.71092],[99.2879,16.71491],[99.29073,16.71666],[99.29276,16.71683],[99.29537,16.71908],[99.29579,16.72057],[99.29533,16.72327],[99.29688,16.72501],[99.29608,16.72612],[99.29767,16.72783],[99.29624,16.72963],[99.29835,16.73062],[99.29881,16.73488],[99.3022,16.73869],[99.30194,16.74576],[99.30383,16.74971],[99.30277,16.75524],[99.30473,16.75918],[99.30551,16.76868],[99.30714,16.76972],[99.31275,16.77104],[99.31555,16.76986],[99.31686,16.76669],[99.31761,16.76626],[99.32166,16.76554],[99.32339,16.76744],[99.32492,16.76718],[99.32614,16.76658],[99.32666,16.76527],[99.32865,16.76451],[99.32851,16.76333],[99.33017,16.76113],[99.32987,16.7588],[99.3307,16.75732],[99.33135,16.75771],[99.33284,16.75494],[99.33257,16.75373],[99.33349,16.7533],[99.33298,16.75186],[99.33363,16.75136],[99.33333,16.75089],[99.33405,16.75099],[99.33363,16.74919],[99.33452,16.74765],[99.33432,16.7456],[99.33504,16.74542],[99.33447,16.74438],[99.33555,16.74424],[99.33529,16.74327],[99.33576,16.74303],[99.33508,16.74211],[99.33588,16.74092],[99.33497,16.7396],[99.33551,16.7381],[99.33685,16.7379],[99.33885,16.73919],[99.34173,16.73932],[99.34556,16.74116],[99.35304,16.74166],[99.35519,16.74014],[99.35715,16.7399],[99.3581,16.73824],[99.36054,16.73711],[99.36604,16.73677],[99.36956,16.73545],[99.36762,16.73168],[99.36782,16.72961],[99.36916,16.72876],[99.36919,16.72682],[99.36824,16.72468],[99.36974,16.72281],[99.36854,16.72184],[99.36981,16.72027],[99.3706,16.71744],[99.37417,16.71457],[99.37347,16.7134],[99.37381,16.7119],[99.37536,16.71046],[99.37723,16.71014],[99.37747,16.70749],[99.37605,16.7064],[99.37657,16.70474],[99.37557,16.70402],[99.37703,16.70197],[99.37619,16.69682],[99.37784,16.69389],[99.3821,16.6911],[99.38373,16.68581],[99.381,16.68224],[99.37858,16.68099],[99.37686,16.67673],[99.37518,16.67585],[99.3761,16.6737],[99.37452,16.67115],[99.37465,16.66941],[99.37711,16.66612],[99.37565,16.66568],[99.37698,16.66376],[99.3758,16.66134],[99.37708,16.66091],[99.37772,16.65902],[99.3766,16.65652],[99.37539,16.64962],[99.37359,16.64923],[99.36826,16.63332],[99.37409,16.63273],[99.38126,16.63361],[99.38565,16.63486],[99.39514,16.63932],[99.39889,16.6403],[99.40775,16.63993],[99.42075,16.6362],[99.42402,16.6346],[99.43337,16.62691],[99.43633,16.62301],[99.43823,16.61325],[99.44466,16.6031],[99.45089,16.59647],[99.45218,16.59332],[99.45298,16.58724],[99.4557,16.58258],[99.46126,16.57735],[99.46912,16.56835],[99.47559,16.56456],[99.47248,16.56189],[99.47002,16.56167],[99.46798,16.55979],[99.46619,16.55992],[99.4641,16.55857],[99.46088,16.55798],[99.45964,16.55706],[99.45789,16.55724],[99.45552,16.55582],[99.45494,16.55626],[99.44794,16.55009],[99.44192,16.55488],[99.41191,16.54224],[99.40417,16.53718],[99.40246,16.53756],[99.40152,16.53847],[99.3961,16.53851],[99.39284,16.53953],[99.38909,16.53089],[99.38408,16.52266],[99.38092,16.52317],[99.37962,16.52034],[99.37764,16.52083],[99.3763,16.5198],[99.37492,16.52016],[99.37477,16.52071],[99.36989,16.52202],[99.36833,16.52409],[99.36641,16.52409],[99.36544,16.52478],[99.36557,16.52542],[99.36447,16.52488],[99.36253,16.52531],[99.35969,16.5239],[99.35712,16.52409],[99.35571,16.52304],[99.353,16.52339],[99.35178,16.52246],[99.3508,16.52254],[99.34985,16.52358],[99.34818,16.52386],[99.34707,16.52549],[99.34311,16.52689],[99.34181,16.53012],[99.34057,16.53117],[99.33791,16.53104],[99.33423,16.52974],[99.33006,16.53256],[99.32736,16.53334],[99.32513,16.52948],[99.31916,16.52875],[99.31451,16.52385],[99.31332,16.5239],[99.31379,16.52529],[99.31272,16.52628],[99.30955,16.52645],[99.30679,16.52523],[99.30292,16.51962],[99.29624,16.51417],[99.29592,16.51288],[99.29685,16.51096],[99.29627,16.50908],[99.29725,16.50759],[99.2964,16.50713],[99.29608,16.50504],[99.29294,16.50521],[99.29212,16.50288],[99.28864,16.50238],[99.28834,16.50051],[99.28662,16.50019],[99.28381,16.49795],[99.28182,16.49899],[99.28165,16.50125],[99.28038,16.50052],[99.27982,16.50198],[99.27807,16.50175],[99.27703,16.50244],[99.27759,16.50341],[99.27685,16.50443],[99.27744,16.50547],[99.27624,16.50496],[99.27371,16.5062],[99.27343,16.50698],[99.27075,16.50728],[99.26956,16.50664],[99.26725,16.50686],[99.26535,16.50476],[99.26462,16.50526],[99.26369,16.50498],[99.26355,16.50604],[99.26088,16.50265],[99.25726,16.50149],[99.25411,16.49918],[99.25082,16.49932],[99.24963,16.49799],[99.2476,16.49745],[99.24746,16.49647],[99.24674,16.49611],[99.2471,16.49345],[99.24456,16.49226],[99.24433,16.49045],[99.24265,16.4887],[99.24031,16.48919],[99.23868,16.49076],[99.23903,16.49437],[99.2365,16.49688],[99.2294,16.49752],[99.22879,16.49686],[99.22959,16.49494],[99.2291,16.49404],[99.22971,16.49288],[99.22946,16.49181],[99.23039,16.49069],[99.23142,16.4907],[99.23418,16.48578],[99.2367,16.48398],[99.23637,16.48359],[99.23163,16.48212],[99.229,16.47968],[99.22632,16.47966],[99.22516,16.47834],[99.22289,16.48011],[99.22103,16.47799],[99.21983,16.47935],[99.21884,16.47947],[99.21642,16.47701],[99.21515,16.47329],[99.21133,16.46837],[99.20929,16.46964],[99.20685,16.47301],[99.2058,16.47338],[99.20433,16.47193],[99.20368,16.47009],[99.20217,16.4698],[99.20074,16.46599],[99.1997,16.46509],[99.20091,16.46184],[99.19929,16.46175],[99.19692,16.45908],[99.19569,16.45926],[99.19528,16.45729],[99.19292,16.45778],[99.19085,16.45562],[99.18739,16.45485],[99.1877,16.45226],[99.18502,16.4514],[99.1846,16.44964],[99.17821,16.44752],[99.17807,16.44277]]]]}}]}